id	source_path	sheet	nrow	ncol	columns	categorical_counts	contains_target_numbers
f0017.xlsx	[LOCAL_PROJECT_ROOT]\\03_result_directories\conservative_full_replication_audit\conservative_full_replication_all_results.xlsx	input_manifest	23	5	role|path|exists|size_bytes|md5		FALSE
f0017.xlsx	[LOCAL_PROJECT_ROOT]\\03_result_directories\conservative_full_replication_audit\conservative_full_replication_all_results.xlsx	gse152_scores	695	15	sample_id|asthma|T2_high_historical|historical_endotype|historical_T2_score|historical_IFN_score|historical_repair_score|T2_score_vst_z|T2_high_vst_z_median|T2_score_log2raw|T2_high_log2raw_median|T2_score_log2cpm|T2_high_log2cpm_median|Repair_ECM_32_score|IFN_score	historical_endotype:E1_T2-high_IFN-low=327;E2_T2-low_low-repair=300;E3_IFN-high_repair-high=68	FALSE
f0017.xlsx	[LOCAL_PROJECT_ROOT]\\03_result_directories\conservative_full_replication_audit\conservative_full_replication_all_results.xlsx	pca118_cor	60	6	dataset|PC|variable|n|rho|p_value		FALSE
f0017.xlsx	[LOCAL_PROJECT_ROOT]\\03_result_directories\conservative_full_replication_audit\conservative_full_replication_all_results.xlsx	endotype_summary	3	7	endotype|n|T2_high_rate|asthma_rate|mean_T2_z|mean_IFN_z|mean_Repair_z	endotype:E1_T2_high_IFN_low=1;E2_T2_low_repair_low=1;E3_IFN_repair_high=1	FALSE
f0017.xlsx	[LOCAL_PROJECT_ROOT]\\03_result_directories\conservative_full_replication_audit\conservative_full_replication_all_results.xlsx	projection_summary	3	5	projected_endotype|n|atopy_rate|asthma_rate|wheeze_rate	projected_endotype:E1_T2_high_IFN_low=1;E2_T2_low_repair_low=1;E3_IFN_repair_high=1	FALSE
f0018.xlsx	[LOCAL_PROJECT_ROOT]\\03_result_directories\conservative_full_replication_audit\09_tables\conservative_full_replication_all_results.xlsx	input_manifest	23	5	role|path|exists|size_bytes|md5		FALSE
f0018.xlsx	[LOCAL_PROJECT_ROOT]\\03_result_directories\conservative_full_replication_audit\09_tables\conservative_full_replication_all_results.xlsx	gse152_scores	695	15	sample_id|asthma|T2_high_historical|historical_endotype|historical_T2_score|historical_IFN_score|historical_repair_score|T2_score_vst_z|T2_high_vst_z_median|T2_score_log2raw|T2_high_log2raw_median|T2_score_log2cpm|T2_high_log2cpm_median|Repair_ECM_32_score|IFN_score	historical_endotype:E1_T2-high_IFN-low=327;E2_T2-low_low-repair=300;E3_IFN-high_repair-high=68	FALSE
f0018.xlsx	[LOCAL_PROJECT_ROOT]\\03_result_directories\conservative_full_replication_audit\09_tables\conservative_full_replication_all_results.xlsx	pca118_cor	60	6	dataset|PC|variable|n|rho|p_value		FALSE
f0018.xlsx	[LOCAL_PROJECT_ROOT]\\03_result_directories\conservative_full_replication_audit\09_tables\conservative_full_replication_all_results.xlsx	endotype_summary	3	7	endotype|n|T2_high_rate|asthma_rate|mean_T2_z|mean_IFN_z|mean_Repair_z	endotype:E1_T2_high_IFN_low=1;E2_T2_low_repair_low=1;E3_IFN_repair_high=1	FALSE
f0018.xlsx	[LOCAL_PROJECT_ROOT]\\03_result_directories\conservative_full_replication_audit\09_tables\conservative_full_replication_all_results.xlsx	projection_summary	3	5	projected_endotype|n|atopy_rate|asthma_rate|wheeze_rate	projected_endotype:E1_T2_high_IFN_low=1;E2_T2_low_repair_low=1;E3_IFN_repair_high=1	FALSE
f0019.xlsx	[LOCAL_PROJECT_ROOT]\\03_result_directories\conservative_full_replication_audit_export\conservative_full_replication_all_results.xlsx	input_manifest	23	5	role|path|exists|size_bytes|md5		FALSE
f0019.xlsx	[LOCAL_PROJECT_ROOT]\\03_result_directories\conservative_full_replication_audit_export\conservative_full_replication_all_results.xlsx	gse152_scores	695	15	sample_id|asthma|T2_high_historical|historical_endotype|historical_T2_score|historical_IFN_score|historical_repair_score|T2_score_vst_z|T2_high_vst_z_median|T2_score_log2raw|T2_high_log2raw_median|T2_score_log2cpm|T2_high_log2cpm_median|Repair_ECM_32_score|IFN_score	historical_endotype:E1_T2-high_IFN-low=327;E2_T2-low_low-repair=300;E3_IFN-high_repair-high=68	FALSE
f0019.xlsx	[LOCAL_PROJECT_ROOT]\\03_result_directories\conservative_full_replication_audit_export\conservative_full_replication_all_results.xlsx	pca118_cor	60	6	dataset|PC|variable|n|rho|p_value		FALSE
f0019.xlsx	[LOCAL_PROJECT_ROOT]\\03_result_directories\conservative_full_replication_audit_export\conservative_full_replication_all_results.xlsx	endotype_summary	3	7	endotype|n|T2_high_rate|asthma_rate|mean_T2_z|mean_IFN_z|mean_Repair_z	endotype:E1_T2_high_IFN_low=1;E2_T2_low_repair_low=1;E3_IFN_repair_high=1	FALSE
f0019.xlsx	[LOCAL_PROJECT_ROOT]\\03_result_directories\conservative_full_replication_audit_export\conservative_full_replication_all_results.xlsx	projection_summary	3	5	projected_endotype|n|atopy_rate|asthma_rate|wheeze_rate	projected_endotype:E1_T2_high_IFN_low=1;E2_T2_low_repair_low=1;E3_IFN_repair_high=1	FALSE
f0021.xlsx	[LOCAL_PROJECT_ROOT]\\03_result_directories\ECM_third_axis_corrected_rerun\corrected_permutation_empirical_pvalues.xlsx	true_metrics	2	6	ECM_definition|delta_bootstrap_ARI|delta_silhouette|cross_definition_cluster_ARI|nasal_projection_assignment_margin|nasal_projection_low_confidence_rate	cross_definition_cluster_ARI:0.581070374577994=2 | nasal_projection_assignment_margin:0.78244972911427=1;0.842737344806396=1 | nasal_projection_low_confidence_rate:0=1;0.109090909090909=1	FALSE
f0022.xlsx	[LOCAL_PROJECT_ROOT]\\03_result_directories\ECM_third_axis_corrected_rerun\corrected_projection_specificity.xlsx	projection_specificity	2	18	ECM_definition|metric|true_value|random_n|random_mean|random_sd|q2.5|q50|q97.5|empirical_p|monte_carlo_se|true_percentile|BH_FDR_external8|tissue|mean_assignment_margin|low_confidence_rate|random_median_low_confidence|projection_specificity_supported	projection_specificity_supported:FALSE=2	FALSE
f0022.xlsx	[LOCAL_PROJECT_ROOT]\\03_result_directories\ECM_third_axis_corrected_rerun\corrected_projection_specificity.xlsx	real_projection_assignments	208	8	ECM_definition|tissue|sample_id|projected_cluster|nearest_distance|second_distance|assignment_margin|low_confidence	projected_cluster:3=79;1=75;2=54	FALSE
f0023.xlsx	[LOCAL_PROJECT_ROOT]\\03_result_directories\ECM_third_axis_corrected_rerun\corrected_real_bootstrap_results.xlsx	full_metrics	4	8	model|mean_silhouette|median_silhouette|calinski_harabasz|davies_bouldin|centroid_min_distance|min_cluster_size|cluster_collapse	min_cluster_size:58=1;64=1;68=1;74=1 | cluster_collapse:FALSE=4	FALSE
f0024.xlsx	[LOCAL_PROJECT_ROOT]\\03_result_directories\ECM_third_axis_corrected_rerun\ECM_third_axis_corrected_rerun_full_results.xlsx	input_files	12	4	role|path|size_bytes|md5		FALSE
f0024.xlsx	[LOCAL_PROJECT_ROOT]\\03_result_directories\ECM_third_axis_corrected_rerun\ECM_third_axis_corrected_rerun_full_results.xlsx	gene_coverage	6	5	cohort|ECM_definition|fixed_members|present|coverage		FALSE
f0024.xlsx	[LOCAL_PROJECT_ROOT]\\03_result_directories\ECM_third_axis_corrected_rerun\ECM_third_axis_corrected_rerun_full_results.xlsx	full_cluster_metrics	4	8	model|mean_silhouette|median_silhouette|calinski_harabasz|davies_bouldin|centroid_min_distance|min_cluster_size|cluster_collapse	min_cluster_size:58=1;64=1;68=1;74=1 | cluster_collapse:FALSE=4	FALSE
f0024.xlsx	[LOCAL_PROJECT_ROOT]\\03_result_directories\ECM_third_axis_corrected_rerun\ECM_third_axis_corrected_rerun_full_results.xlsx	projection_specificity	2	18	ECM_definition|metric|true_value|random_n|random_mean|random_sd|q2.5|q50|q97.5|empirical_p|monte_carlo_se|true_percentile|BH_FDR_external8|tissue|mean_assignment_margin|low_confidence_rate|random_median_low_confidence|projection_specificity_supported	projection_specificity_supported:FALSE=2	FALSE
f0024.xlsx	[LOCAL_PROJECT_ROOT]\\03_result_directories\ECM_third_axis_corrected_rerun\ECM_third_axis_corrected_rerun_full_results.xlsx	fair_models	36	16	dataset|tissue|ECM_definition|outcome|method|covariates|n|events|estimable|beta|SE|OR_per_SD|CI_low|CI_high|p_value|AIC		FALSE
f0024.xlsx	[LOCAL_PROJECT_ROOT]\\03_result_directories\ECM_third_axis_corrected_rerun\ECM_third_axis_corrected_rerun_full_results.xlsx	fair_model_comparison	18	27	dataset|tissue|ECM_definition|outcome|n_mean_z|n_ssGSEA|events_mean_z|events_ssGSEA|beta_mean_z|beta_ssGSEA|SE_mean_z|SE_ssGSEA|OR_per_SD_mean_z|OR_per_SD_ssGSEA|CI_low_mean_z|CI_low_ssGSEA|CI_high_mean_z|CI_high_ssGSEA|p_value_mean_z|p_value_ssGSEA|AIC_mean_z|AIC_ssGSEA|same_n|same_events|direction_consistent|materially_consistent|beta_difference		FALSE
f0025.xlsx	[LOCAL_PROJECT_ROOT]\\03_result_directories\ECM_third_axis_corrected_rerun\fair_mean_z_vs_ssGSEA_models.xlsx	models	36	16	dataset|tissue|ECM_definition|outcome|method|covariates|n|events|estimable|beta|SE|OR_per_SD|CI_low|CI_high|p_value|AIC		FALSE
f0025.xlsx	[LOCAL_PROJECT_ROOT]\\03_result_directories\ECM_third_axis_corrected_rerun\fair_mean_z_vs_ssGSEA_models.xlsx	comparison	18	27	dataset|tissue|ECM_definition|outcome|n_mean_z|n_ssGSEA|events_mean_z|events_ssGSEA|beta_mean_z|beta_ssGSEA|SE_mean_z|SE_ssGSEA|OR_per_SD_mean_z|OR_per_SD_ssGSEA|CI_low_mean_z|CI_low_ssGSEA|CI_high_mean_z|CI_high_ssGSEA|p_value_mean_z|p_value_ssGSEA|AIC_mean_z|AIC_ssGSEA|same_n|same_events|direction_consistent|materially_consistent|beta_difference		FALSE
f0026.xlsx	[LOCAL_PROJECT_ROOT]\\03_result_directories\ECM_third_axis_corrected_rerun\STRICT_CLASSIFICATION_AUDIT.xlsx	criterion5	2	18	ECM_definition|metric|true_value|random_n|random_mean|random_sd|q2.5|q50|q97.5|empirical_p|monte_carlo_se|true_percentile|BH_FDR_external8|tissue|mean_assignment_margin|low_confidence_rate|random_median_low_confidence|projection_specificity_supported	projection_specificity_supported:FALSE=2	FALSE
f0026.xlsx	[LOCAL_PROJECT_ROOT]\\03_result_directories\ECM_third_axis_corrected_rerun\STRICT_CLASSIFICATION_AUDIT.xlsx	criterion6	12	27	dataset|tissue|ECM_definition|outcome|n_mean_z|n_ssGSEA|events_mean_z|events_ssGSEA|beta_mean_z|beta_ssGSEA|SE_mean_z|SE_ssGSEA|OR_per_SD_mean_z|OR_per_SD_ssGSEA|CI_low_mean_z|CI_low_ssGSEA|CI_high_mean_z|CI_high_ssGSEA|p_value_mean_z|p_value_ssGSEA|AIC_mean_z|AIC_ssGSEA|same_n|same_events|direction_consistent|materially_consistent|beta_difference		FALSE
f0027.xlsx	[LOCAL_PROJECT_ROOT]\\03_result_directories\ECM_third_axis_corrected_rerun\01_input_audit\input_audit_tables.xlsx	files	12	4	role|path|size_bytes|md5		FALSE
f0027.xlsx	[LOCAL_PROJECT_ROOT]\\03_result_directories\ECM_third_axis_corrected_rerun\01_input_audit\input_audit_tables.xlsx	coverage	6	5	cohort|ECM_definition|fixed_members|present|coverage		FALSE
f0029.xlsx	[LOCAL_PROJECT_ROOT]\\03_result_directories\ECM_third_axis_corrected_rerun\02_corrected_bootstrap\real_models_bootstrap_100.xlsx	full_metrics	4	8	model|mean_silhouette|median_silhouette|calinski_harabasz|davies_bouldin|centroid_min_distance|min_cluster_size|cluster_collapse	min_cluster_size:58=1;64=1;68=1;74=1 | cluster_collapse:FALSE=4	FALSE
f0031.xlsx	[LOCAL_PROJECT_ROOT]\\03_result_directories\ECM_third_axis_corrected_rerun\03_external_specificity_permutation\corrected_permutation_empirical_pvalues.xlsx	true_metrics	2	6	ECM_definition|delta_bootstrap_ARI|delta_silhouette|cross_definition_cluster_ARI|nasal_projection_assignment_margin|nasal_projection_low_confidence_rate	cross_definition_cluster_ARI:0.581070374577994=2 | nasal_projection_assignment_margin:0.78244972911427=1;0.842737344806396=1 | nasal_projection_low_confidence_rate:0=1;0.109090909090909=1	FALSE
f0032.xlsx	[LOCAL_PROJECT_ROOT]\\03_result_directories\ECM_third_axis_corrected_rerun\04_fair_mean_z_ssGSEA_models\fair_mean_z_vs_ssGSEA_models.xlsx	models	36	16	dataset|tissue|ECM_definition|outcome|method|covariates|n|events|estimable|beta|SE|OR_per_SD|CI_low|CI_high|p_value|AIC		FALSE
f0032.xlsx	[LOCAL_PROJECT_ROOT]\\03_result_directories\ECM_third_axis_corrected_rerun\04_fair_mean_z_ssGSEA_models\fair_mean_z_vs_ssGSEA_models.xlsx	comparison	18	27	dataset|tissue|ECM_definition|outcome|n_mean_z|n_ssGSEA|events_mean_z|events_ssGSEA|beta_mean_z|beta_ssGSEA|SE_mean_z|SE_ssGSEA|OR_per_SD_mean_z|OR_per_SD_ssGSEA|CI_low_mean_z|CI_low_ssGSEA|CI_high_mean_z|CI_high_ssGSEA|p_value_mean_z|p_value_ssGSEA|AIC_mean_z|AIC_ssGSEA|same_n|same_events|direction_consistent|materially_consistent|beta_difference		FALSE
f0033.xlsx	[LOCAL_PROJECT_ROOT]\\03_result_directories\ECM_third_axis_corrected_rerun\04_fair_mean_z_ssGSEA_models\fair_mean_z_vs_ssGSEA_sample_audit.xlsx	sample_audit	18	7	dataset|tissue|ECM_definition|outcome|model|n_complete|events		FALSE
f0034.xlsx	[LOCAL_PROJECT_ROOT]\\03_result_directories\ECM_third_axis_corrected_rerun\05_corrected_projection\corrected_projection_specificity.xlsx	projection_specificity	2	18	ECM_definition|metric|true_value|random_n|random_mean|random_sd|q2.5|q50|q97.5|empirical_p|monte_carlo_se|true_percentile|BH_FDR_external8|tissue|mean_assignment_margin|low_confidence_rate|random_median_low_confidence|projection_specificity_supported	projection_specificity_supported:FALSE=2	FALSE
f0034.xlsx	[LOCAL_PROJECT_ROOT]\\03_result_directories\ECM_third_axis_corrected_rerun\05_corrected_projection\corrected_projection_specificity.xlsx	real_projection_assignments	208	8	ECM_definition|tissue|sample_id|projected_cluster|nearest_distance|second_distance|assignment_margin|low_confidence	projected_cluster:3=79;1=75;2=54	FALSE
f0035.xlsx	[LOCAL_PROJECT_ROOT]\\03_result_directories\ECM_third_axis_corrected_rerun\06_strict_reclassification\STRICT_CLASSIFICATION_AUDIT.xlsx	criterion5	2	18	ECM_definition|metric|true_value|random_n|random_mean|random_sd|q2.5|q50|q97.5|empirical_p|monte_carlo_se|true_percentile|BH_FDR_external8|tissue|mean_assignment_margin|low_confidence_rate|random_median_low_confidence|projection_specificity_supported	projection_specificity_supported:FALSE=2	FALSE
f0035.xlsx	[LOCAL_PROJECT_ROOT]\\03_result_directories\ECM_third_axis_corrected_rerun\06_strict_reclassification\STRICT_CLASSIFICATION_AUDIT.xlsx	criterion6	12	27	dataset|tissue|ECM_definition|outcome|n_mean_z|n_ssGSEA|events_mean_z|events_ssGSEA|beta_mean_z|beta_ssGSEA|SE_mean_z|SE_ssGSEA|OR_per_SD_mean_z|OR_per_SD_ssGSEA|CI_low_mean_z|CI_low_ssGSEA|CI_high_mean_z|CI_high_ssGSEA|p_value_mean_z|p_value_ssGSEA|AIC_mean_z|AIC_ssGSEA|same_n|same_events|direction_consistent|materially_consistent|beta_difference		FALSE
f0037.xlsx	[LOCAL_PROJECT_ROOT]\\03_result_directories\ECM_third_axis_validation\corrected_cross_cohort_projection.xlsx	assignments	520	12	sample_id|tissue|ECM_definition|residual_projection|projected_cluster|nearest_distance|second_distance|assignment_margin|low_confidence|atopy|asthma|wheeze	residual_projection:FALSE=312;TRUE=208 | projected_cluster:C3=217;C1=189;C2=114	FALSE
f0037.xlsx	[LOCAL_PROJECT_ROOT]\\03_result_directories\ECM_third_axis_validation\corrected_cross_cohort_projection.xlsx	profiles	30	11	tissue|ECM_definition|residual_projection|projected_cluster|n|mean_margin|low_confidence_rate|atopy_rate|asthma_rate|wheeze_rate|asthma_wheeze_identical	residual_projection:FALSE=18;TRUE=12 | projected_cluster:C1=10;C2=10;C3=10	TRUE
f0039.xlsx	[LOCAL_PROJECT_ROOT]\\03_result_directories\ECM_third_axis_validation\ECM_independence_models.xlsx	models	9	23	cohort|ECM_definition|r_squared|adjusted_r_squared|beta_T2|beta_T2_ci_low|beta_T2_ci_high|p_T2|beta_IFN|beta_IFN_ci_low|beta_IFN_ci_high|p_IFN|partial_R2_T2|partial_R2_IFN|VIF_T2|VIF_IFN|condition_number|pearson_T2|pearson_IFN|spearman_T2|spearman_IFN|partial_cor_T2_adjust_IFN|partial_cor_IFN_adjust_T2		FALSE
f0039.xlsx	[LOCAL_PROJECT_ROOT]\\03_result_directories\ECM_third_axis_validation\ECM_independence_models.xlsx	partial_correlations	9	8	cohort|ECM_definition|partial_cor_T2_adjust_IFN|partial_cor_IFN_adjust_T2|pearson_T2|pearson_IFN|spearman_T2|spearman_IFN		FALSE
f0039.xlsx	[LOCAL_PROJECT_ROOT]\\03_result_directories\ECM_third_axis_validation\ECM_independence_models.xlsx	residual_cluster_metrics	3	19	mean_silhouette|median_silhouette|calinski_harabasz|davies_bouldin|total_withinss|between_total_ratio|min_cluster_size|max_cluster_size|cluster_size_balance|centroid_min_distance|centroid_mean_distance|mean_assignment_margin|median_assignment_margin|cohort|ECM_definition|ARI_vs_original_ECM_cluster|NMI_vs_original_ECM_cluster|ARI_vs_two_axis|NMI_vs_two_axis	min_cluster_size:54=1;63=1;70=1 | max_cluster_size:316=1;317=1;334=1 | cluster_size_balance:0.161676646706587=1;0.198738170347003=1;0.221518987341772=1 | ARI_vs_original_ECM_cluster:0.535334798359704=1;0.779732102612073=1;0.903473172055117=1 | NMI_vs_original_ECM_cluster:0.49591112770883=1;0.70696731737226=1;0.843143720730839=1	FALSE
f0040.xlsx	[LOCAL_PROJECT_ROOT]\\03_result_directories\ECM_third_axis_validation\ECM_residual_scores.xlsx	residual_scores	2397	9	cohort|sample_id|tissue|ECM_definition|T2_z|IFN_z|ECM_z|ECM_residual|ECM_residual_z		FALSE
f0041.xlsx	[LOCAL_PROJECT_ROOT]\\03_result_directories\ECM_third_axis_validation\ECM_third_axis_validation_full_results.xlsx	two_vs_three	4	15	mean_silhouette|median_silhouette|calinski_harabasz|davies_bouldin|total_withinss|between_total_ratio|min_cluster_size|max_cluster_size|cluster_size_balance|centroid_min_distance|centroid_mean_distance|mean_assignment_margin|median_assignment_margin|model|ECM_definition	min_cluster_size:58=1;64=1;68=1;74=1 | max_cluster_size:338=2;316=1;324=1 | cluster_size_balance:0.171597633136095=1;0.197530864197531=1;0.215189873417722=1;0.218934911242604=1	FALSE
f0041.xlsx	[LOCAL_PROJECT_ROOT]\\03_result_directories\ECM_third_axis_validation\ECM_third_axis_validation_full_results.xlsx	deltas	3	25	mean_silhouette|median_silhouette|calinski_harabasz|davies_bouldin|total_withinss|between_total_ratio|min_cluster_size|max_cluster_size|cluster_size_balance|centroid_min_distance|centroid_mean_distance|mean_assignment_margin|median_assignment_margin|model|ECM_definition|delta_silhouette|delta_calinski_harabasz|delta_davies_bouldin|delta_assignment_margin|two_axis_mean_silhouette|two_axis_bootstrap_mean_ARI|bootstrap_mean_ARI|bootstrap_median_ARI|bootstrap_mean_NMI|delta_bootstrap_ARI	min_cluster_size:58=1;64=1;74=1 | max_cluster_size:338=2;324=1 | cluster_size_balance:0.171597633136095=1;0.197530864197531=1;0.218934911242604=1	FALSE
f0041.xlsx	[LOCAL_PROJECT_ROOT]\\03_result_directories\ECM_third_axis_validation\ECM_third_axis_validation_full_results.xlsx	independence	9	23	cohort|ECM_definition|r_squared|adjusted_r_squared|beta_T2|beta_T2_ci_low|beta_T2_ci_high|p_T2|beta_IFN|beta_IFN_ci_low|beta_IFN_ci_high|p_IFN|partial_R2_T2|partial_R2_IFN|VIF_T2|VIF_IFN|condition_number|pearson_T2|pearson_IFN|spearman_T2|spearman_IFN|partial_cor_T2_adjust_IFN|partial_cor_IFN_adjust_T2		FALSE
f0041.xlsx	[LOCAL_PROJECT_ROOT]\\03_result_directories\ECM_third_axis_validation\ECM_third_axis_validation_full_results.xlsx	residual_cluster	3	19	mean_silhouette|median_silhouette|calinski_harabasz|davies_bouldin|total_withinss|between_total_ratio|min_cluster_size|max_cluster_size|cluster_size_balance|centroid_min_distance|centroid_mean_distance|mean_assignment_margin|median_assignment_margin|cohort|ECM_definition|ARI_vs_original_ECM_cluster|NMI_vs_original_ECM_cluster|ARI_vs_two_axis|NMI_vs_two_axis	min_cluster_size:54=1;63=1;70=1 | max_cluster_size:316=1;317=1;334=1 | cluster_size_balance:0.161676646706587=1;0.198738170347003=1;0.221518987341772=1 | ARI_vs_original_ECM_cluster:0.535334798359704=1;0.779732102612073=1;0.903473172055117=1 | NMI_vs_original_ECM_cluster:0.49591112770883=1;0.70696731737226=1;0.843143720730839=1	FALSE
f0041.xlsx	[LOCAL_PROJECT_ROOT]\\03_result_directories\ECM_third_axis_validation\ECM_third_axis_validation_full_results.xlsx	projection_profiles	30	11	tissue|ECM_definition|residual_projection|projected_cluster|n|mean_margin|low_confidence_rate|atopy_rate|asthma_rate|wheeze_rate|asthma_wheeze_identical	residual_projection:FALSE=18;TRUE=12 | projected_cluster:C1=10;C2=10;C3=10	TRUE
f0041.xlsx	[LOCAL_PROJECT_ROOT]\\03_result_directories\ECM_third_axis_validation\ECM_third_axis_validation_full_results.xlsx	ssGSEA_correlations	6	4	cohort|ECM_definition|pearson|spearman		FALSE
f0041.xlsx	[LOCAL_PROJECT_ROOT]\\03_result_directories\ECM_third_axis_validation\ECM_third_axis_validation_full_results.xlsx	ssGSEA_models	15	9	cohort|tissue|ECM_definition|outcome|term|beta|OR|p_value|n		FALSE
f0043.xlsx	[LOCAL_PROJECT_ROOT]\\03_result_directories\ECM_third_axis_validation\standard_ssGSEA_primary_models.xlsx	models	15	9	cohort|tissue|ECM_definition|outcome|term|beta|OR|p_value|n		FALSE
f0044.xlsx	[LOCAL_PROJECT_ROOT]\\03_result_directories\ECM_third_axis_validation\standard_ssGSEA_scores.xlsx	scores	2397	11	cohort|sample_id|tissue|ECM_definition|ssGSEA_score|mean_z_score|T2_z|IFN_z|asthma|atopy|wheeze		FALSE
f0044.xlsx	[LOCAL_PROJECT_ROOT]\\03_result_directories\ECM_third_axis_validation\standard_ssGSEA_scores.xlsx	correlations	6	4	cohort|ECM_definition|pearson|spearman		FALSE
f0045.xlsx	[LOCAL_PROJECT_ROOT]\\03_result_directories\ECM_third_axis_validation\two_vs_three_axis_metrics.xlsx	metrics	4	15	mean_silhouette|median_silhouette|calinski_harabasz|davies_bouldin|total_withinss|between_total_ratio|min_cluster_size|max_cluster_size|cluster_size_balance|centroid_min_distance|centroid_mean_distance|mean_assignment_margin|median_assignment_margin|model|ECM_definition	min_cluster_size:58=1;64=1;68=1;74=1 | max_cluster_size:338=2;316=1;324=1 | cluster_size_balance:0.171597633136095=1;0.197530864197531=1;0.215189873417722=1;0.218934911242604=1	FALSE
f0045.xlsx	[LOCAL_PROJECT_ROOT]\\03_result_directories\ECM_third_axis_validation\two_vs_three_axis_metrics.xlsx	deltas	3	25	mean_silhouette|median_silhouette|calinski_harabasz|davies_bouldin|total_withinss|between_total_ratio|min_cluster_size|max_cluster_size|cluster_size_balance|centroid_min_distance|centroid_mean_distance|mean_assignment_margin|median_assignment_margin|model|ECM_definition|delta_silhouette|delta_calinski_harabasz|delta_davies_bouldin|delta_assignment_margin|two_axis_mean_silhouette|two_axis_bootstrap_mean_ARI|bootstrap_mean_ARI|bootstrap_median_ARI|bootstrap_mean_NMI|delta_bootstrap_ARI	min_cluster_size:58=1;64=1;74=1 | max_cluster_size:338=2;324=1 | cluster_size_balance:0.171597633136095=1;0.197530864197531=1;0.218934911242604=1	FALSE
f0047.xlsx	[LOCAL_PROJECT_ROOT]\\03_result_directories\ECM_third_axis_validation\02_two_vs_three_axis\two_vs_three_axis_metrics.xlsx	metrics	4	15	mean_silhouette|median_silhouette|calinski_harabasz|davies_bouldin|total_withinss|between_total_ratio|min_cluster_size|max_cluster_size|cluster_size_balance|centroid_min_distance|centroid_mean_distance|mean_assignment_margin|median_assignment_margin|model|ECM_definition	min_cluster_size:58=1;64=1;68=1;74=1 | max_cluster_size:338=2;316=1;324=1 | cluster_size_balance:0.171597633136095=1;0.197530864197531=1;0.215189873417722=1;0.218934911242604=1	FALSE
f0047.xlsx	[LOCAL_PROJECT_ROOT]\\03_result_directories\ECM_third_axis_validation\02_two_vs_three_axis\two_vs_three_axis_metrics.xlsx	deltas	3	25	mean_silhouette|median_silhouette|calinski_harabasz|davies_bouldin|total_withinss|between_total_ratio|min_cluster_size|max_cluster_size|cluster_size_balance|centroid_min_distance|centroid_mean_distance|mean_assignment_margin|median_assignment_margin|model|ECM_definition|delta_silhouette|delta_calinski_harabasz|delta_davies_bouldin|delta_assignment_margin|two_axis_mean_silhouette|two_axis_bootstrap_mean_ARI|bootstrap_mean_ARI|bootstrap_median_ARI|bootstrap_mean_NMI|delta_bootstrap_ARI	min_cluster_size:58=1;64=1;74=1 | max_cluster_size:338=2;324=1 | cluster_size_balance:0.171597633136095=1;0.197530864197531=1;0.218934911242604=1	FALSE
f0048.xlsx	[LOCAL_PROJECT_ROOT]\\03_result_directories\ECM_third_axis_validation\03_residual_independence\ECM_partial_correlations.xlsx	partial_correlations	9	8	cohort|ECM_definition|partial_cor_T2_adjust_IFN|partial_cor_IFN_adjust_T2|pearson_T2|pearson_IFN|spearman_T2|spearman_IFN		FALSE
f0050.xlsx	[LOCAL_PROJECT_ROOT]\\03_result_directories\ECM_third_axis_validation\03_residual_independence\residual_three_axis_cluster_metrics.xlsx	metrics	3	19	mean_silhouette|median_silhouette|calinski_harabasz|davies_bouldin|total_withinss|between_total_ratio|min_cluster_size|max_cluster_size|cluster_size_balance|centroid_min_distance|centroid_mean_distance|mean_assignment_margin|median_assignment_margin|cohort|ECM_definition|ARI_vs_original_ECM_cluster|NMI_vs_original_ECM_cluster|ARI_vs_two_axis|NMI_vs_two_axis	min_cluster_size:54=1;63=1;70=1 | max_cluster_size:316=1;317=1;334=1 | cluster_size_balance:0.161676646706587=1;0.198738170347003=1;0.221518987341772=1 | ARI_vs_original_ECM_cluster:0.535334798359704=1;0.779732102612073=1;0.903473172055117=1 | NMI_vs_original_ECM_cluster:0.49591112770883=1;0.70696731737226=1;0.843143720730839=1	FALSE
f0055.xlsx	[LOCAL_PROJECT_ROOT]\\03_result_directories\ECM_third_axis_validation\06_corrected_projection\nasal_projection_profiles.xlsx	nasal	15	11	tissue|ECM_definition|residual_projection|projected_cluster|n|mean_margin|low_confidence_rate|atopy_rate|asthma_rate|wheeze_rate|asthma_wheeze_identical	residual_projection:FALSE=9;TRUE=6 | projected_cluster:C1=5;C2=5;C3=5	TRUE
f0056.xlsx	[LOCAL_PROJECT_ROOT]\\03_result_directories\ECM_third_axis_validation\06_corrected_projection\projection_distance_margin.xlsx	distances	520	12	sample_id|tissue|ECM_definition|residual_projection|projected_cluster|nearest_distance|second_distance|assignment_margin|low_confidence|atopy|asthma|wheeze	residual_projection:FALSE=312;TRUE=208 | projected_cluster:C3=217;C1=189;C2=114	FALSE
f0058.xlsx	[LOCAL_PROJECT_ROOT]\\03_result_directories\ECM_third_axis_validation\06_corrected_projection\tracheal_projection_profiles.xlsx	tracheal	15	11	tissue|ECM_definition|residual_projection|projected_cluster|n|mean_margin|low_confidence_rate|atopy_rate|asthma_rate|wheeze_rate|asthma_wheeze_identical	residual_projection:FALSE=9;TRUE=6 | projected_cluster:C1=5;C2=5;C3=5	FALSE
f0059.xlsx	[LOCAL_PROJECT_ROOT]\\03_result_directories\ECM_third_axis_validation\07_standard_ssGSEA\mean_z_vs_ssGSEA_correlations.xlsx	correlations	6	4	cohort|ECM_definition|pearson|spearman		FALSE
f0060.xlsx	[LOCAL_PROJECT_ROOT]\\03_result_directories\External_ECM_multicohort_analysis\cross_cohort_effect_direction_table.xlsx	direction	96	7	dataset|gene_set|endpoint|effect_type|effect|p_value|direction		FALSE
f0061.xlsx	[LOCAL_PROJECT_ROOT]\\03_result_directories\External_ECM_multicohort_analysis\cross_cohort_meta_analysis.xlsx	meta_analysis	6	10	contrast|gene_set|k|beta|CI_low|CI_high|p_value|tau2|I2|BH_FDR		FALSE
f0062.xlsx	[LOCAL_PROJECT_ROOT]\\03_result_directories\External_ECM_multicohort_analysis\downstream_cluster_projection_sensitivity.xlsx	IFN_ECM_quadrants_GSE118761	4	6	dataset|quadrant|n|atopy_rate|asthma_rate|wheeze_rate		FALSE
f0062.xlsx	[LOCAL_PROJECT_ROOT]\\03_result_directories\External_ECM_multicohort_analysis\downstream_cluster_projection_sensitivity.xlsx	projection_summary_GSE118761	3	5	projected_cluster|n|atopy_rate|asthma_rate|wheeze_rate	projected_cluster:C1=1;C2=1;C3=1	FALSE
f0062.xlsx	[LOCAL_PROJECT_ROOT]\\03_result_directories\External_ECM_multicohort_analysis\downstream_cluster_projection_sensitivity.xlsx	projection_metrics_GSE118761	1	3	dataset|ARI_vs_original_projected|NMI_vs_original_projected	ARI_vs_original_projected:0.488372821416674=1 | NMI_vs_original_projected:0.47604970104053=1	FALSE
f0063.xlsx	[LOCAL_PROJECT_ROOT]\\03_result_directories\External_ECM_multicohort_analysis\external_ECM_gene_coverage_by_cohort.xlsx	coverage	60	14	cohort|gene_set|variant|original_member_count|scoring_member_count|detected_member_count|coverage|estimable|missing_genes|overlap_with_original32|n_overlap_original32|jaccard_with_original32|hypergeometric_overlap_p|genes_used		TRUE
f0065.xlsx	[LOCAL_PROJECT_ROOT]\\03_result_directories\External_ECM_multicohort_analysis\External_ECM_multicohort_full_results.xlsx	FDR_families	6	7	family|dataset|gene_set|endpoint|effect|p_value|BH_FDR		FALSE
f0065.xlsx	[LOCAL_PROJECT_ROOT]\\03_result_directories\External_ECM_multicohort_analysis\External_ECM_multicohort_full_results.xlsx	coverage	60	14	cohort|gene_set|variant|original_member_count|scoring_member_count|detected_member_count|coverage|estimable|missing_genes|overlap_with_original32|n_overlap_original32|jaccard_with_original32|hypergeometric_overlap_p|genes_used		TRUE
f0065.xlsx	[LOCAL_PROJECT_ROOT]\\03_result_directories\External_ECM_multicohort_analysis\External_ECM_multicohort_full_results.xlsx	sample_scores	14958	10	cohort|sample_id|gene_set|variant|scoring_method|score|n_genes_used|coverage|estimable|genes_used		TRUE
f0065.xlsx	[LOCAL_PROJECT_ROOT]\\03_result_directories\External_ECM_multicohort_analysis\External_ECM_multicohort_full_results.xlsx	logistic_results	288	18	dataset|gene_set|method|outcome|model_label|covariates|n|events|estimable|reason|beta_per_sd|se|OR_per_sd|CI_low|CI_high|p_value|AIC|BH_FDR_within_dataset		FALSE
f0065.xlsx	[LOCAL_PROJECT_ROOT]\\03_result_directories\External_ECM_multicohort_analysis\External_ECM_multicohort_full_results.xlsx	original32_comparison	60	14	dataset|gene_set|comparison|method|n|estimate|p_value|overlap_genes|n_overlap|high_low_agreement|cohen_kappa|high_low_n|excluding_original32_direction_available|BH_FDR_exploratory		FALSE
f0065.xlsx	[LOCAL_PROJECT_ROOT]\\03_result_directories\External_ECM_multicohort_analysis\External_ECM_multicohort_full_results.xlsx	direction	96	7	dataset|gene_set|endpoint|effect_type|effect|p_value|direction		FALSE
f0065.xlsx	[LOCAL_PROJECT_ROOT]\\03_result_directories\External_ECM_multicohort_analysis\External_ECM_multicohort_full_results.xlsx	meta_analysis	6	10	contrast|gene_set|k|beta|CI_low|CI_high|p_value|tau2|I2|BH_FDR		FALSE
f0066.xlsx	[LOCAL_PROJECT_ROOT]\\03_result_directories\External_ECM_multicohort_analysis\external_ECM_vs_original32.xlsx	comparison	60	14	dataset|gene_set|comparison|method|n|estimate|p_value|overlap_genes|n_overlap|high_low_agreement|cohen_kappa|high_low_n|excluding_original32_direction_available|BH_FDR_exploratory		FALSE
f0067.xlsx	[LOCAL_PROJECT_ROOT]\\03_result_directories\External_ECM_multicohort_analysis\GSE118761_external_ECM_results.xlsx	GSE118761	216	18	dataset|gene_set|method|outcome|model_label|covariates|n|events|estimable|reason|beta_per_sd|se|OR_per_sd|CI_low|CI_high|p_value|AIC|BH_FDR_within_dataset		FALSE
f0069.xlsx	[LOCAL_PROJECT_ROOT]\\03_result_directories\External_ECM_multicohort_analysis\GSE18965_external_ECM_results.xlsx	FDR_families	6	7	family|dataset|gene_set|endpoint|effect|p_value|BH_FDR		FALSE
f0070.xlsx	[LOCAL_PROJECT_ROOT]\\03_result_directories\External_ECM_multicohort_analysis\sample_level_external_ECM_scores.xlsx	scores	14958	10	cohort|sample_id|gene_set|variant|scoring_method|score|n_genes_used|coverage|estimable|genes_used		TRUE
f0071.xlsx	[LOCAL_PROJECT_ROOT]\\03_result_directories\External_ECM_multicohort_analysis\02_gene_sets\external_ECM_gene_coverage_by_cohort.xlsx	coverage	60	14	cohort|gene_set|variant|original_member_count|scoring_member_count|detected_member_count|coverage|estimable|missing_genes|overlap_with_original32|n_overlap_original32|jaccard_with_original32|hypergeometric_overlap_p|genes_used		TRUE
f0073.xlsx	[LOCAL_PROJECT_ROOT]\\03_result_directories\External_ECM_multicohort_analysis\02_gene_sets\sample_level_external_ECM_scores.xlsx	scores	14958	10	cohort|sample_id|gene_set|variant|scoring_method|score|n_genes_used|coverage|estimable|genes_used		TRUE
f0074.xlsx	[LOCAL_PROJECT_ROOT]\\03_result_directories\External_ECM_multicohort_analysis\03_GSE18965_series\GSE18965_external_ECM_results.xlsx	FDR_families	6	7	family|dataset|gene_set|endpoint|effect|p_value|BH_FDR		FALSE
f0075.xlsx	[LOCAL_PROJECT_ROOT]\\03_result_directories\External_ECM_multicohort_analysis\05_GSE118761_nasal\GSE118761_external_ECM_results.xlsx	GSE118761	216	18	dataset|gene_set|method|outcome|model_label|covariates|n|events|estimable|reason|beta_per_sd|se|OR_per_sd|CI_low|CI_high|p_value|AIC|BH_FDR_within_dataset		FALSE
f0077.xlsx	[LOCAL_PROJECT_ROOT]\\03_result_directories\External_ECM_multicohort_analysis\08_original32_comparison\external_ECM_vs_original32.xlsx	comparison	60	14	dataset|gene_set|comparison|method|n|estimate|p_value|overlap_genes|n_overlap|high_low_agreement|cohen_kappa|high_low_n|excluding_original32_direction_available|BH_FDR_exploratory		FALSE
f0078.xlsx	[LOCAL_PROJECT_ROOT]\\03_result_directories\External_ECM_multicohort_analysis\09_cross_cohort_meta\cross_cohort_effect_direction_table.xlsx	direction	96	7	dataset|gene_set|endpoint|effect_type|effect|p_value|direction		FALSE
f0079.xlsx	[LOCAL_PROJECT_ROOT]\\03_result_directories\External_ECM_multicohort_analysis\09_cross_cohort_meta\cross_cohort_meta_analysis.xlsx	meta_analysis	6	10	contrast|gene_set|k|beta|CI_low|CI_high|p_value|tau2|I2|BH_FDR		FALSE
f0080.xlsx	[LOCAL_PROJECT_ROOT]\\03_result_directories\External_ECM_multicohort_analysis\10_downstream_sensitivity\downstream_cluster_projection_sensitivity.xlsx	IFN_ECM_quadrants_GSE118761	4	6	dataset|quadrant|n|atopy_rate|asthma_rate|wheeze_rate		FALSE
f0080.xlsx	[LOCAL_PROJECT_ROOT]\\03_result_directories\External_ECM_multicohort_analysis\10_downstream_sensitivity\downstream_cluster_projection_sensitivity.xlsx	projection_summary_GSE118761	3	5	projected_cluster|n|atopy_rate|asthma_rate|wheeze_rate	projected_cluster:C1=1;C2=1;C3=1	FALSE
f0080.xlsx	[LOCAL_PROJECT_ROOT]\\03_result_directories\External_ECM_multicohort_analysis\10_downstream_sensitivity\downstream_cluster_projection_sensitivity.xlsx	projection_metrics_GSE118761	1	3	dataset|ARI_vs_original_projected|NMI_vs_original_projected	ARI_vs_original_projected:0.488372821416674=1 | NMI_vs_original_projected:0.47604970104053=1	FALSE
f0081.xlsx	[LOCAL_PROJECT_ROOT]\\03_result_directories\External_ECM_multicohort_analysis\12_report\External_ECM_multicohort_full_results.xlsx	FDR_families	6	7	family|dataset|gene_set|endpoint|effect|p_value|BH_FDR		FALSE
f0081.xlsx	[LOCAL_PROJECT_ROOT]\\03_result_directories\External_ECM_multicohort_analysis\12_report\External_ECM_multicohort_full_results.xlsx	coverage	60	14	cohort|gene_set|variant|original_member_count|scoring_member_count|detected_member_count|coverage|estimable|missing_genes|overlap_with_original32|n_overlap_original32|jaccard_with_original32|hypergeometric_overlap_p|genes_used		TRUE
f0081.xlsx	[LOCAL_PROJECT_ROOT]\\03_result_directories\External_ECM_multicohort_analysis\12_report\External_ECM_multicohort_full_results.xlsx	sample_scores	14958	10	cohort|sample_id|gene_set|variant|scoring_method|score|n_genes_used|coverage|estimable|genes_used		TRUE
f0081.xlsx	[LOCAL_PROJECT_ROOT]\\03_result_directories\External_ECM_multicohort_analysis\12_report\External_ECM_multicohort_full_results.xlsx	logistic_results	288	18	dataset|gene_set|method|outcome|model_label|covariates|n|events|estimable|reason|beta_per_sd|se|OR_per_sd|CI_low|CI_high|p_value|AIC|BH_FDR_within_dataset		FALSE
f0081.xlsx	[LOCAL_PROJECT_ROOT]\\03_result_directories\External_ECM_multicohort_analysis\12_report\External_ECM_multicohort_full_results.xlsx	original32_comparison	60	14	dataset|gene_set|comparison|method|n|estimate|p_value|overlap_genes|n_overlap|high_low_agreement|cohen_kappa|high_low_n|excluding_original32_direction_available|BH_FDR_exploratory		FALSE
f0081.xlsx	[LOCAL_PROJECT_ROOT]\\03_result_directories\External_ECM_multicohort_analysis\12_report\External_ECM_multicohort_full_results.xlsx	direction	96	7	dataset|gene_set|endpoint|effect_type|effect|p_value|direction		FALSE
f0081.xlsx	[LOCAL_PROJECT_ROOT]\\03_result_directories\External_ECM_multicohort_analysis\12_report\External_ECM_multicohort_full_results.xlsx	meta_analysis	6	10	contrast|gene_set|k|beta|CI_low|CI_high|p_value|tau2|I2|BH_FDR		FALSE
f0082.xlsx	[LOCAL_PROJECT_ROOT]\\03_result_directories\External_ECM_multicohort_analysis_export\cross_cohort_meta_analysis.xlsx	meta_analysis	6	10	contrast|gene_set|k|beta|CI_low|CI_high|p_value|tau2|I2|BH_FDR		FALSE
f0083.xlsx	[LOCAL_PROJECT_ROOT]\\03_result_directories\External_ECM_multicohort_analysis_export\downstream_cluster_projection_sensitivity.xlsx	IFN_ECM_quadrants_GSE118761	4	6	dataset|quadrant|n|atopy_rate|asthma_rate|wheeze_rate		FALSE
f0083.xlsx	[LOCAL_PROJECT_ROOT]\\03_result_directories\External_ECM_multicohort_analysis_export\downstream_cluster_projection_sensitivity.xlsx	projection_summary_GSE118761	3	5	projected_cluster|n|atopy_rate|asthma_rate|wheeze_rate	projected_cluster:C1=1;C2=1;C3=1	FALSE
f0083.xlsx	[LOCAL_PROJECT_ROOT]\\03_result_directories\External_ECM_multicohort_analysis_export\downstream_cluster_projection_sensitivity.xlsx	projection_metrics_GSE118761	1	3	dataset|ARI_vs_original_projected|NMI_vs_original_projected	ARI_vs_original_projected:0.488372821416674=1 | NMI_vs_original_projected:0.47604970104053=1	FALSE
f0084.xlsx	[LOCAL_PROJECT_ROOT]\\03_result_directories\External_ECM_multicohort_analysis_export\external_ECM_gene_coverage_by_cohort.xlsx	coverage	60	14	cohort|gene_set|variant|original_member_count|scoring_member_count|detected_member_count|coverage|estimable|missing_genes|overlap_with_original32|n_overlap_original32|jaccard_with_original32|hypergeometric_overlap_p|genes_used		TRUE
f0085.xlsx	[LOCAL_PROJECT_ROOT]\\03_result_directories\External_ECM_multicohort_analysis_export\External_ECM_multicohort_full_results.xlsx	FDR_families	6	7	family|dataset|gene_set|endpoint|effect|p_value|BH_FDR		FALSE
f0085.xlsx	[LOCAL_PROJECT_ROOT]\\03_result_directories\External_ECM_multicohort_analysis_export\External_ECM_multicohort_full_results.xlsx	coverage	60	14	cohort|gene_set|variant|original_member_count|scoring_member_count|detected_member_count|coverage|estimable|missing_genes|overlap_with_original32|n_overlap_original32|jaccard_with_original32|hypergeometric_overlap_p|genes_used		TRUE
f0085.xlsx	[LOCAL_PROJECT_ROOT]\\03_result_directories\External_ECM_multicohort_analysis_export\External_ECM_multicohort_full_results.xlsx	sample_scores	14958	10	cohort|sample_id|gene_set|variant|scoring_method|score|n_genes_used|coverage|estimable|genes_used		TRUE
f0085.xlsx	[LOCAL_PROJECT_ROOT]\\03_result_directories\External_ECM_multicohort_analysis_export\External_ECM_multicohort_full_results.xlsx	logistic_results	288	18	dataset|gene_set|method|outcome|model_label|covariates|n|events|estimable|reason|beta_per_sd|se|OR_per_sd|CI_low|CI_high|p_value|AIC|BH_FDR_within_dataset		FALSE
f0085.xlsx	[LOCAL_PROJECT_ROOT]\\03_result_directories\External_ECM_multicohort_analysis_export\External_ECM_multicohort_full_results.xlsx	original32_comparison	60	14	dataset|gene_set|comparison|method|n|estimate|p_value|overlap_genes|n_overlap|high_low_agreement|cohen_kappa|high_low_n|excluding_original32_direction_available|BH_FDR_exploratory		FALSE
f0085.xlsx	[LOCAL_PROJECT_ROOT]\\03_result_directories\External_ECM_multicohort_analysis_export\External_ECM_multicohort_full_results.xlsx	direction	96	7	dataset|gene_set|endpoint|effect_type|effect|p_value|direction		FALSE
f0085.xlsx	[LOCAL_PROJECT_ROOT]\\03_result_directories\External_ECM_multicohort_analysis_export\External_ECM_multicohort_full_results.xlsx	meta_analysis	6	10	contrast|gene_set|k|beta|CI_low|CI_high|p_value|tau2|I2|BH_FDR		FALSE
f0086.xlsx	[LOCAL_PROJECT_ROOT]\\03_result_directories\External_ECM_multicohort_analysis_export\external_ECM_vs_original32.xlsx	comparison	60	14	dataset|gene_set|comparison|method|n|estimate|p_value|overlap_genes|n_overlap|high_low_agreement|cohen_kappa|high_low_n|excluding_original32_direction_available|BH_FDR_exploratory		FALSE
f0087.xlsx	[LOCAL_PROJECT_ROOT]\\03_result_directories\External_ECM_multicohort_analysis_export\sample_level_external_ECM_scores.xlsx	scores	14958	10	cohort|sample_id|gene_set|variant|scoring_method|score|n_genes_used|coverage|estimable|genes_used		TRUE
f0088.xlsx	[LOCAL_PROJECT_ROOT]\\03_result_directories\External_ECM_multicohort_complete_return\cross_cohort_effect_direction_table.xlsx	direction	96	7	dataset|gene_set|endpoint|effect_type|effect|p_value|direction		FALSE
f0089.xlsx	[LOCAL_PROJECT_ROOT]\\03_result_directories\External_ECM_multicohort_complete_return\cross_cohort_meta_analysis.xlsx	meta_analysis	6	10	contrast|gene_set|k|beta|CI_low|CI_high|p_value|tau2|I2|BH_FDR		FALSE
f0090.xlsx	[LOCAL_PROJECT_ROOT]\\03_result_directories\External_ECM_multicohort_complete_return\downstream_cluster_projection_sensitivity.xlsx	IFN_ECM_quadrants_GSE118761	4	6	dataset|quadrant|n|atopy_rate|asthma_rate|wheeze_rate		FALSE
f0090.xlsx	[LOCAL_PROJECT_ROOT]\\03_result_directories\External_ECM_multicohort_complete_return\downstream_cluster_projection_sensitivity.xlsx	projection_summary_GSE118761	3	5	projected_cluster|n|atopy_rate|asthma_rate|wheeze_rate	projected_cluster:C1=1;C2=1;C3=1	FALSE
f0090.xlsx	[LOCAL_PROJECT_ROOT]\\03_result_directories\External_ECM_multicohort_complete_return\downstream_cluster_projection_sensitivity.xlsx	projection_metrics_GSE118761	1	3	dataset|ARI_vs_original_projected|NMI_vs_original_projected	ARI_vs_original_projected:0.488372821416674=1 | NMI_vs_original_projected:0.47604970104053=1	FALSE
f0091.xlsx	[LOCAL_PROJECT_ROOT]\\03_result_directories\External_ECM_multicohort_complete_return\external_ECM_gene_coverage_by_cohort.xlsx	coverage	60	14	cohort|gene_set|variant|original_member_count|scoring_member_count|detected_member_count|coverage|estimable|missing_genes|overlap_with_original32|n_overlap_original32|jaccard_with_original32|hypergeometric_overlap_p|genes_used		TRUE
f0092.xlsx	[LOCAL_PROJECT_ROOT]\\03_result_directories\External_ECM_multicohort_complete_return\External_ECM_multicohort_full_results.xlsx	FDR_families	6	7	family|dataset|gene_set|endpoint|effect|p_value|BH_FDR		FALSE
f0092.xlsx	[LOCAL_PROJECT_ROOT]\\03_result_directories\External_ECM_multicohort_complete_return\External_ECM_multicohort_full_results.xlsx	coverage	60	14	cohort|gene_set|variant|original_member_count|scoring_member_count|detected_member_count|coverage|estimable|missing_genes|overlap_with_original32|n_overlap_original32|jaccard_with_original32|hypergeometric_overlap_p|genes_used		TRUE
f0092.xlsx	[LOCAL_PROJECT_ROOT]\\03_result_directories\External_ECM_multicohort_complete_return\External_ECM_multicohort_full_results.xlsx	sample_scores	14958	10	cohort|sample_id|gene_set|variant|scoring_method|score|n_genes_used|coverage|estimable|genes_used		TRUE
f0092.xlsx	[LOCAL_PROJECT_ROOT]\\03_result_directories\External_ECM_multicohort_complete_return\External_ECM_multicohort_full_results.xlsx	logistic_results	288	18	dataset|gene_set|method|outcome|model_label|covariates|n|events|estimable|reason|beta_per_sd|se|OR_per_sd|CI_low|CI_high|p_value|AIC|BH_FDR_within_dataset		FALSE
f0092.xlsx	[LOCAL_PROJECT_ROOT]\\03_result_directories\External_ECM_multicohort_complete_return\External_ECM_multicohort_full_results.xlsx	original32_comparison	60	14	dataset|gene_set|comparison|method|n|estimate|p_value|overlap_genes|n_overlap|high_low_agreement|cohen_kappa|high_low_n|excluding_original32_direction_available|BH_FDR_exploratory		FALSE
f0092.xlsx	[LOCAL_PROJECT_ROOT]\\03_result_directories\External_ECM_multicohort_complete_return\External_ECM_multicohort_full_results.xlsx	direction	96	7	dataset|gene_set|endpoint|effect_type|effect|p_value|direction		FALSE
f0092.xlsx	[LOCAL_PROJECT_ROOT]\\03_result_directories\External_ECM_multicohort_complete_return\External_ECM_multicohort_full_results.xlsx	meta_analysis	6	10	contrast|gene_set|k|beta|CI_low|CI_high|p_value|tau2|I2|BH_FDR		FALSE
f0093.xlsx	[LOCAL_PROJECT_ROOT]\\03_result_directories\External_ECM_multicohort_complete_return\external_ECM_vs_original32.xlsx	comparison	60	14	dataset|gene_set|comparison|method|n|estimate|p_value|overlap_genes|n_overlap|high_low_agreement|cohen_kappa|high_low_n|excluding_original32_direction_available|BH_FDR_exploratory		FALSE
f0094.xlsx	[LOCAL_PROJECT_ROOT]\\03_result_directories\External_ECM_multicohort_complete_return\GSE118761_external_ECM_results.xlsx	GSE118761	216	18	dataset|gene_set|method|outcome|model_label|covariates|n|events|estimable|reason|beta_per_sd|se|OR_per_sd|CI_low|CI_high|p_value|AIC|BH_FDR_within_dataset		FALSE
f0096.xlsx	[LOCAL_PROJECT_ROOT]\\03_result_directories\External_ECM_multicohort_complete_return\GSE18965_external_ECM_results.xlsx	FDR_families	6	7	family|dataset|gene_set|endpoint|effect|p_value|BH_FDR		FALSE
f0097.xlsx	[LOCAL_PROJECT_ROOT]\\03_result_directories\External_ECM_multicohort_complete_return\sample_level_external_ECM_scores.xlsx	scores	14958	10	cohort|sample_id|gene_set|variant|scoring_method|score|n_genes_used|coverage|estimable|genes_used		TRUE
f0113.xlsx	[LOCAL_PROJECT_ROOT]\\03_result_directories\T2_IFN_ECM_multicollinearity_residualization_20260812\Supplementary_Table_S13_multicollinearity_residualization.xlsx	Supplementary_Table_S13	5	26	cohort|tissue|n|score_branch|Pearson_T2_IFN|Pearson_T2_repair_ECM|Pearson_IFN_repair_ECM|Spearman_T2_IFN|Spearman_T2_repair_ECM|Spearman_IFN_repair_ECM|VIF_T2|VIF_IFN|VIF_repair_ECM|condition_number|R2_repair_ECM_on_T2_IFN|residual_variance_retained|residual_cor_T2|residual_cor_IFN|residual_repair_ECM_association_outcome|model_formula|model_n|OR|CI_low|CI_high|P|model_note		FALSE
f0113.xlsx	[LOCAL_PROJECT_ROOT]\\03_result_directories\T2_IFN_ECM_multicollinearity_residualization_20260812\Supplementary_Table_S13_multicollinearity_residualization.xlsx	Pairwise_correlations	9	7	cohort|tissue|score_branch|score_1|score_2|pearson_r|spearman_rho		FALSE
f0113.xlsx	[LOCAL_PROJECT_ROOT]\\03_result_directories\T2_IFN_ECM_multicollinearity_residualization_20260812\Supplementary_Table_S13_multicollinearity_residualization.xlsx	Diagnostics	3	18	cohort|tissue|n|score_branch|Pearson_T2_IFN|Pearson_T2_repair_ECM|Pearson_IFN_repair_ECM|Spearman_T2_IFN|Spearman_T2_repair_ECM|Spearman_IFN_repair_ECM|VIF_T2|VIF_IFN|VIF_repair_ECM|condition_number|R2_repair_ECM_on_T2_IFN|residual_variance_retained|residual_cor_T2|residual_cor_IFN		FALSE
f0113.xlsx	[LOCAL_PROJECT_ROOT]\\03_result_directories\T2_IFN_ECM_multicollinearity_residualization_20260812\Supplementary_Table_S13_multicollinearity_residualization.xlsx	Residual_models	5	10	cohort|tissue|residual_repair_ECM_association_outcome|model_formula|model_n|OR|CI_low|CI_high|P|model_note		FALSE
f0113.xlsx	[LOCAL_PROJECT_ROOT]\\03_result_directories\T2_IFN_ECM_multicollinearity_residualization_20260812\Supplementary_Table_S13_multicollinearity_residualization.xlsx	Input_manifest	2	4	cohort|tissue|input_file|role		FALSE
f0114.xlsx	[LOCAL_PROJECT_ROOT]\\03_result_directories\T2_IFN_ECM_multicollinearity_residualization_web_upload_20260812\Supplementary_Table_S13_multicollinearity_residualization.xlsx	Supplementary_Table_S13	5	26	cohort|tissue|n|score_branch|Pearson_T2_IFN|Pearson_T2_repair_ECM|Pearson_IFN_repair_ECM|Spearman_T2_IFN|Spearman_T2_repair_ECM|Spearman_IFN_repair_ECM|VIF_T2|VIF_IFN|VIF_repair_ECM|condition_number|R2_repair_ECM_on_T2_IFN|residual_variance_retained|residual_cor_T2|residual_cor_IFN|residual_repair_ECM_association_outcome|model_formula|model_n|OR|CI_low|CI_high|P|model_note		FALSE
f0114.xlsx	[LOCAL_PROJECT_ROOT]\\03_result_directories\T2_IFN_ECM_multicollinearity_residualization_web_upload_20260812\Supplementary_Table_S13_multicollinearity_residualization.xlsx	Pairwise_correlations	9	7	cohort|tissue|score_branch|score_1|score_2|pearson_r|spearman_rho		FALSE
f0114.xlsx	[LOCAL_PROJECT_ROOT]\\03_result_directories\T2_IFN_ECM_multicollinearity_residualization_web_upload_20260812\Supplementary_Table_S13_multicollinearity_residualization.xlsx	Diagnostics	3	18	cohort|tissue|n|score_branch|Pearson_T2_IFN|Pearson_T2_repair_ECM|Pearson_IFN_repair_ECM|Spearman_T2_IFN|Spearman_T2_repair_ECM|Spearman_IFN_repair_ECM|VIF_T2|VIF_IFN|VIF_repair_ECM|condition_number|R2_repair_ECM_on_T2_IFN|residual_variance_retained|residual_cor_T2|residual_cor_IFN		FALSE
f0114.xlsx	[LOCAL_PROJECT_ROOT]\\03_result_directories\T2_IFN_ECM_multicollinearity_residualization_web_upload_20260812\Supplementary_Table_S13_multicollinearity_residualization.xlsx	Residual_models	5	10	cohort|tissue|residual_repair_ECM_association_outcome|model_formula|model_n|OR|CI_low|CI_high|P|model_note		FALSE
f0114.xlsx	[LOCAL_PROJECT_ROOT]\\03_result_directories\T2_IFN_ECM_multicollinearity_residualization_web_upload_20260812\Supplementary_Table_S13_multicollinearity_residualization.xlsx	Input_manifest	2	4	cohort|tissue|input_file|role		FALSE
f0115.xlsx	[LOCAL_PROJECT_ROOT]\\final_locked_analysis_20260714\figures\Figure5_all_plot_data.xlsx	assignments	695	8	sample_id|raw_cluster_id|state_label|T2_z|IFN_z|repair_ECM_z|molecular_T2_status|asthma_status	raw_cluster_id:3=338;1=299;2=58 | state_label:E1_T2_high_IFN_low=338;E2_T2_low=299;E3_IFN_high_repair_high=58	FALSE
f0115.xlsx	[LOCAL_PROJECT_ROOT]\\final_locked_analysis_20260714\figures\Figure5_all_plot_data.xlsx	profiles	3	7	state_label|n|T2_high|asthma|mean_T2_z|mean_IFN_z|mean_repair_ECM_z	state_label:E1_T2_high_IFN_low=1;E2_T2_low=1;E3_IFN_high_repair_high=1	FALSE
f0116.xlsx	[LOCAL_PROJECT_ROOT]\\final_locked_analysis_20260714\tables\final_locked_all_results.xlsx	GSE152004_states	3	7	state_label|n|T2_high|asthma|mean_T2_z|mean_IFN_z|mean_repair_ECM_z	state_label:E1_T2_high_IFN_low=1;E2_T2_low=1;E3_IFN_high_repair_high=1	FALSE
f0116.xlsx	[LOCAL_PROJECT_ROOT]\\final_locked_analysis_20260714\tables\final_locked_all_results.xlsx	projection_profiles	6	4	tissue|projected_state|n|low_confidence	projected_state:E1_T2_high_IFN_low=2;E2_T2_low=2;E3_IFN_high_repair_high=2	FALSE
f0117.xlsx	[LOCAL_PROJECT_ROOT]\\final_locked_analysis_20260714\tables\Supplementary_Table_S13_multicollinearity_residualization.xlsx	Supplementary_Table_S13	5	26	cohort|tissue|n|score_branch|Pearson_T2_IFN|Pearson_T2_repair_ECM|Pearson_IFN_repair_ECM|Spearman_T2_IFN|Spearman_T2_repair_ECM|Spearman_IFN_repair_ECM|VIF_T2|VIF_IFN|VIF_repair_ECM|condition_number|R2_repair_ECM_on_T2_IFN|residual_variance_retained|residual_cor_T2|residual_cor_IFN|residual_repair_ECM_association_outcome|model_formula|model_n|OR|CI_low|CI_high|P|model_note		FALSE
f0117.xlsx	[LOCAL_PROJECT_ROOT]\\final_locked_analysis_20260714\tables\Supplementary_Table_S13_multicollinearity_residualization.xlsx	Pairwise_correlations	9	7	cohort|tissue|score_branch|score_1|score_2|pearson_r|spearman_rho		FALSE
f0117.xlsx	[LOCAL_PROJECT_ROOT]\\final_locked_analysis_20260714\tables\Supplementary_Table_S13_multicollinearity_residualization.xlsx	Diagnostics	3	18	cohort|tissue|n|score_branch|Pearson_T2_IFN|Pearson_T2_repair_ECM|Pearson_IFN_repair_ECM|Spearman_T2_IFN|Spearman_T2_repair_ECM|Spearman_IFN_repair_ECM|VIF_T2|VIF_IFN|VIF_repair_ECM|condition_number|R2_repair_ECM_on_T2_IFN|residual_variance_retained|residual_cor_T2|residual_cor_IFN		FALSE
f0117.xlsx	[LOCAL_PROJECT_ROOT]\\final_locked_analysis_20260714\tables\Supplementary_Table_S13_multicollinearity_residualization.xlsx	Residual_models	5	10	cohort|tissue|residual_repair_ECM_association_outcome|model_formula|model_n|OR|CI_low|CI_high|P|model_note		FALSE
f0117.xlsx	[LOCAL_PROJECT_ROOT]\\final_locked_analysis_20260714\tables\Supplementary_Table_S13_multicollinearity_residualization.xlsx	Input_manifest	2	4	cohort|tissue|input_file|role		FALSE
f0118.xlsx	[LOCAL_PROJECT_ROOT]\\full_manuscript_GitHub_release_20260918_work\audit_ascii\corrected.xlsx	projection_specificity	2	18	ECM_definition|metric|true_value|random_n|random_mean|random_sd|q2.5|q50|q97.5|empirical_p|monte_carlo_se|true_percentile|BH_FDR_external8|tissue|mean_assignment_margin|low_confidence_rate|random_median_low_confidence|projection_specificity_supported	projection_specificity_supported:FALSE=2	FALSE
f0118.xlsx	[LOCAL_PROJECT_ROOT]\\full_manuscript_GitHub_release_20260918_work\audit_ascii\corrected.xlsx	real_projection_assignments	208	8	ECM_definition|tissue|sample_id|projected_cluster|nearest_distance|second_distance|assignment_margin|low_confidence	projected_cluster:3=79;1=75;2=54	FALSE
f0119.xlsx	[LOCAL_PROJECT_ROOT]\\full_manuscript_GitHub_release_20260918_work\audit_ascii\external.xlsx	IFN_ECM_quadrants_GSE118761	4	6	dataset|quadrant|n|atopy_rate|asthma_rate|wheeze_rate		FALSE
f0119.xlsx	[LOCAL_PROJECT_ROOT]\\full_manuscript_GitHub_release_20260918_work\audit_ascii\external.xlsx	projection_summary_GSE118761	3	5	projected_cluster|n|atopy_rate|asthma_rate|wheeze_rate	projected_cluster:C1=1;C2=1;C3=1	FALSE
f0119.xlsx	[LOCAL_PROJECT_ROOT]\\full_manuscript_GitHub_release_20260918_work\audit_ascii\external.xlsx	projection_metrics_GSE118761	1	3	dataset|ARI_vs_original_projected|NMI_vs_original_projected	ARI_vs_original_projected:0.488372821416674=1 | NMI_vs_original_projected:0.47604970104053=1	FALSE
f0120.xlsx	[LOCAL_PROJECT_ROOT]\\full_manuscript_GitHub_release_20260918_work\audit_ascii\margin.xlsx	distances	520	12	sample_id|tissue|ECM_definition|residual_projection|projected_cluster|nearest_distance|second_distance|assignment_margin|low_confidence|atopy|asthma|wheeze	residual_projection:FALSE=312;TRUE=208 | projected_cluster:C3=217;C1=189;C2=114	FALSE
f0121.xlsx	[LOCAL_PROJECT_ROOT]\\full_manuscript_GitHub_release_20260918_work\audit_ascii\nasal.xlsx	nasal	15	11	tissue|ECM_definition|residual_projection|projected_cluster|n|mean_margin|low_confidence_rate|atopy_rate|asthma_rate|wheeze_rate|asthma_wheeze_identical	residual_projection:FALSE=9;TRUE=6 | projected_cluster:C1=5;C2=5;C3=5	TRUE
f0122.xlsx	[LOCAL_PROJECT_ROOT]\\full_manuscript_GitHub_release_20260918_work\audit_ascii\tracheal.xlsx	tracheal	15	11	tissue|ECM_definition|residual_projection|projected_cluster|n|mean_margin|low_confidence_rate|atopy_rate|asthma_rate|wheeze_rate|asthma_wheeze_identical	residual_projection:FALSE=9;TRUE=6 | projected_cluster:C1=5;C2=5;C3=5	FALSE
f0124.xlsx	[LOCAL_PROJECT_ROOT]\\full_manuscript_GitHub_release_20260918_work\release\childhood-asthma-epithelial-programs\outputs\05_external_ECM\corrected_projection_specificity.xlsx	projection_specificity	2	18	ECM_definition|metric|true_value|random_n|random_mean|random_sd|q2.5|q50|q97.5|empirical_p|monte_carlo_se|true_percentile|BH_FDR_external8|tissue|mean_assignment_margin|low_confidence_rate|random_median_low_confidence|projection_specificity_supported	projection_specificity_supported:FALSE=2	FALSE
f0124.xlsx	[LOCAL_PROJECT_ROOT]\\full_manuscript_GitHub_release_20260918_work\release\childhood-asthma-epithelial-programs\outputs\05_external_ECM\corrected_projection_specificity.xlsx	real_projection_assignments	208	8	ECM_definition|tissue|sample_id|projected_cluster|nearest_distance|second_distance|assignment_margin|low_confidence	projected_cluster:3=79;1=75;2=54	FALSE
f0125.xlsx	[LOCAL_PROJECT_ROOT]\\full_manuscript_GitHub_release_20260918_work\release\childhood-asthma-epithelial-programs\outputs\05_external_ECM\fair_mean_z_vs_ssGSEA_models.xlsx	models	36	16	dataset|tissue|ECM_definition|outcome|method|covariates|n|events|estimable|beta|SE|OR_per_SD|CI_low|CI_high|p_value|AIC		FALSE
f0125.xlsx	[LOCAL_PROJECT_ROOT]\\full_manuscript_GitHub_release_20260918_work\release\childhood-asthma-epithelial-programs\outputs\05_external_ECM\fair_mean_z_vs_ssGSEA_models.xlsx	comparison	18	27	dataset|tissue|ECM_definition|outcome|n_mean_z|n_ssGSEA|events_mean_z|events_ssGSEA|beta_mean_z|beta_ssGSEA|SE_mean_z|SE_ssGSEA|OR_per_SD_mean_z|OR_per_SD_ssGSEA|CI_low_mean_z|CI_low_ssGSEA|CI_high_mean_z|CI_high_ssGSEA|p_value_mean_z|p_value_ssGSEA|AIC_mean_z|AIC_ssGSEA|same_n|same_events|direction_consistent|materially_consistent|beta_difference		FALSE
f0126.xlsx	[LOCAL_PROJECT_ROOT]\\full_manuscript_GitHub_release_20260918_work\release\childhood-asthma-epithelial-programs\outputs\05_external_ECM\STRICT_CLASSIFICATION_AUDIT.xlsx	criterion5	2	18	ECM_definition|metric|true_value|random_n|random_mean|random_sd|q2.5|q50|q97.5|empirical_p|monte_carlo_se|true_percentile|BH_FDR_external8|tissue|mean_assignment_margin|low_confidence_rate|random_median_low_confidence|projection_specificity_supported	projection_specificity_supported:FALSE=2	FALSE
f0126.xlsx	[LOCAL_PROJECT_ROOT]\\full_manuscript_GitHub_release_20260918_work\release\childhood-asthma-epithelial-programs\outputs\05_external_ECM\STRICT_CLASSIFICATION_AUDIT.xlsx	criterion6	12	27	dataset|tissue|ECM_definition|outcome|n_mean_z|n_ssGSEA|events_mean_z|events_ssGSEA|beta_mean_z|beta_ssGSEA|SE_mean_z|SE_ssGSEA|OR_per_SD_mean_z|OR_per_SD_ssGSEA|CI_low_mean_z|CI_low_ssGSEA|CI_high_mean_z|CI_high_ssGSEA|p_value_mean_z|p_value_ssGSEA|AIC_mean_z|AIC_ssGSEA|same_n|same_events|direction_consistent|materially_consistent|beta_difference		FALSE
f0128.xlsx	[LOCAL_PROJECT_ROOT]\\full_manuscript_GitHub_release_20260918_work\repository\outputs\05_external_ECM\corrected_projection_specificity.xlsx	projection_specificity	2	18	ECM_definition|metric|true_value|random_n|random_mean|random_sd|q2.5|q50|q97.5|empirical_p|monte_carlo_se|true_percentile|BH_FDR_external8|tissue|mean_assignment_margin|low_confidence_rate|random_median_low_confidence|projection_specificity_supported	projection_specificity_supported:FALSE=2	FALSE
f0128.xlsx	[LOCAL_PROJECT_ROOT]\\full_manuscript_GitHub_release_20260918_work\repository\outputs\05_external_ECM\corrected_projection_specificity.xlsx	real_projection_assignments	208	8	ECM_definition|tissue|sample_id|projected_cluster|nearest_distance|second_distance|assignment_margin|low_confidence	projected_cluster:3=79;1=75;2=54	FALSE
f0129.xlsx	[LOCAL_PROJECT_ROOT]\\full_manuscript_GitHub_release_20260918_work\repository\outputs\05_external_ECM\fair_mean_z_vs_ssGSEA_models.xlsx	models	36	16	dataset|tissue|ECM_definition|outcome|method|covariates|n|events|estimable|beta|SE|OR_per_SD|CI_low|CI_high|p_value|AIC		FALSE
f0129.xlsx	[LOCAL_PROJECT_ROOT]\\full_manuscript_GitHub_release_20260918_work\repository\outputs\05_external_ECM\fair_mean_z_vs_ssGSEA_models.xlsx	comparison	18	27	dataset|tissue|ECM_definition|outcome|n_mean_z|n_ssGSEA|events_mean_z|events_ssGSEA|beta_mean_z|beta_ssGSEA|SE_mean_z|SE_ssGSEA|OR_per_SD_mean_z|OR_per_SD_ssGSEA|CI_low_mean_z|CI_low_ssGSEA|CI_high_mean_z|CI_high_ssGSEA|p_value_mean_z|p_value_ssGSEA|AIC_mean_z|AIC_ssGSEA|same_n|same_events|direction_consistent|materially_consistent|beta_difference		FALSE
f0130.xlsx	[LOCAL_PROJECT_ROOT]\\full_manuscript_GitHub_release_20260918_work\repository\outputs\05_external_ECM\STRICT_CLASSIFICATION_AUDIT.xlsx	criterion5	2	18	ECM_definition|metric|true_value|random_n|random_mean|random_sd|q2.5|q50|q97.5|empirical_p|monte_carlo_se|true_percentile|BH_FDR_external8|tissue|mean_assignment_margin|low_confidence_rate|random_median_low_confidence|projection_specificity_supported	projection_specificity_supported:FALSE=2	FALSE
f0130.xlsx	[LOCAL_PROJECT_ROOT]\\full_manuscript_GitHub_release_20260918_work\repository\outputs\05_external_ECM\STRICT_CLASSIFICATION_AUDIT.xlsx	criterion6	12	27	dataset|tissue|ECM_definition|outcome|n_mean_z|n_ssGSEA|events_mean_z|events_ssGSEA|beta_mean_z|beta_ssGSEA|SE_mean_z|SE_ssGSEA|OR_per_SD_mean_z|OR_per_SD_ssGSEA|CI_low_mean_z|CI_low_ssGSEA|CI_high_mean_z|CI_high_ssGSEA|p_value_mean_z|p_value_ssGSEA|AIC_mean_z|AIC_ssGSEA|same_n|same_events|direction_consistent|materially_consistent|beta_difference		FALSE
