"relative_path","size_bytes","sha256"
".zenodo.json","365","47487dab60cd2e7a0d77978499b595f2f3e3f73462bf0cc5c42566e22a5efa76"
"analysis/01_GSE18965_repair_ECM/00_prepare_GSE18965.R","1514","6332c85c731c416118373e3c4bdc9db67fdfda94b0b07a81532aa95c2444efb9"
"analysis/01_GSE18965_repair_ECM/01_map_GPL96_probes.R","1502","a2a261df1c2995d2a2d268d06f86b5289f54d3dcc61ab6c3f84fd1d54911076b"
"analysis/01_GSE18965_repair_ECM/02_build_candidate_pool.R","1593","9cc991f721351de796a3bf34d2f2e5de2d36355954eea43c9dd9c1f87c9819ad"
"analysis/01_GSE18965_repair_ECM/03_generate_expression_features.R","4253","6209b2ddd638acc57e321c43d806cdac8dd5f16fb671dd18e5e1ecd073c24846"
"analysis/01_GSE18965_repair_ECM/04_generate_network_features.R","5504","cc619ba9cef6ac26c90ad8a2383added3ec71e84d340694b2330002dd557e6a7"
"analysis/01_GSE18965_repair_ECM/05_repair_ECM_final_selection_rule.R","1624","89a3db15b868884ddac52974e6b0ec491a4682105885dd07fdf029f9ee733c15"
"analysis/01_GSE18965_repair_ECM/06_run_full_derivation.R","4485","824aa8c49e222097df3c1812722acd33012d000b81d7e35d115f3904054c7bcb"
"analysis/01_GSE18965_repair_ECM/07_verify_final_module.R","1603","5402ed6d4d6e5c0825899da319203a95abaab25a1694b61b2250ea156467291d"
"analysis/01_GSE18965_repair_ECM/08_GSE18965_DEG_GO_audit.R","2302","dc8ce158d0e726d2c3d57de7967e2c5f0a343d7a5dc33a4bac3858395789317a"
"analysis/01_GSE18965_repair_ECM/09_external_ECM_sensitivity.R","1701","5b6dd34ec2650c2bf6951ca9503241318f9e01593fdd7e6bf0bca28bfe0b7773"
"analysis/02_GSE118761_airway_programs/00_download_GSE118761.R","777","b6bb2a0ea79cf6d8331a255d6c03f32f5292bccb2ada7c16a64b182badff7bfc"
"analysis/02_GSE118761_airway_programs/01_prepare_GSE118761.R","3175","117d7061aafa4d8bc6de14d411599d3f381fbe384864e47c1048af55ce84619d"
"analysis/02_GSE118761_airway_programs/02_module_scores.R","1109","9f5af713d55f16852e310d45229c32479c0e9a6f6234c4514980b4ba5d81071c"
"analysis/02_GSE118761_airway_programs/03_PCA.R","3148","bc1dde9a3010991aaad2b39bfc84557b804f03e4c073eadaeb594c8f2d4fb213"
"analysis/02_GSE118761_airway_programs/04_nasal_tracheal_analysis.R","616","0362fd211571a99ce40c98737b0e155e8bf592a81cd7b54a9801e555a0f1ec56"
"analysis/02_GSE118761_airway_programs/05_program_relationships.R","684","23c1d595bb1e80a54ab9fddbe86e77824d227072c0bc9313048a370a836b6ccb"
"analysis/02_GSE118761_airway_programs/06_quadrant_analysis.R","3558","94b687204b9f13718bc6aaf54d8608326e0293da90604ee9b73039a36264e15f"
"analysis/02_GSE118761_airway_programs/projection/00_projection_common.R","3905","8eab7a67e04c9183734e57ab5524c04fa3ddc5f4d6cd5e18361c2027bc8fc144"
"analysis/02_GSE118761_airway_programs/projection/01_prepare_projection_inputs.R","4788","cb7b969b41280aa43f277bc8c97ae3cc87dfa7559cb64ff3649d8a1b53af430d"
"analysis/02_GSE118761_airway_programs/projection/02_calculate_projection_features.R","2425","3ebaf506fa71bf86aacb4059640d6e9abd77e2c12bb98679934baa43e49c5caf"
"analysis/02_GSE118761_airway_programs/projection/03_build_reference_centroids.R","1916","d030f796911cb5469f44deb0582bd97e7231ff69e1e0d5372067d43769394e74"
"analysis/02_GSE118761_airway_programs/projection/04_assign_nearest_centroid.R","2688","08f1892fdb0b9cbf468ae550192fd7f897802800af6fc078c5ee44f7e2680eff"
"analysis/02_GSE118761_airway_programs/projection/05_summarize_projection_counts.R","1684","ad591c31a7964809707943f6ea430953f91f3ba00b88d31f76d671ecd52bfad7"
"analysis/02_GSE118761_airway_programs/projection/06_summarize_projection_phenotypes.R","3526","6d53eff77b0ff29429ca508c0a18c99be6a8dd0d45ffcac59182c89e21dc24f1"
"analysis/02_GSE118761_airway_programs/projection/07_generate_projection_source_data.R","8267","615048110cda83b82a26d599a9247f5c1726d0b7106aa6cf412204f4691a17a1"
"analysis/02_GSE118761_airway_programs/projection/08_verify_projection_results.R","3844","ec438ea32c2458284fb03f0f7442ec312efecb03cb9a2de6306f9a3e57f06e4a"
"analysis/02_GSE118761_airway_programs/projection/09_finalize_projection_release.R","4450","9cc5a2cad92399d0c339427f42f59756dc0638b328cce36b7f266726f6765f83"
"analysis/03_GSE152004_primary_validation/00_download_GSE152004.R","669","c5d1fda41ddba8b347435b1096159733070a813b9642ab96c055c4ec2a1304e2"
"analysis/03_GSE152004_primary_validation/00_download_raw_counts.R","613","3fb330777c6639ab52234b5de6414dd9feda3fbdc83d4d3103b03221a1e12905"
"analysis/03_GSE152004_primary_validation/01_prepare_GSE152004.R","2312","edb8c454bf7098b6c8d6ce5ce464c0da839498dfe37a2b1619b1ef3cdf8c6416"
"analysis/03_GSE152004_primary_validation/02_define_T2_high.R","706","30197069f81d5f7830a3d3610ed03c322fe60184cbcab6b8d55cab0a8707122c"
"analysis/03_GSE152004_primary_validation/03_module_scores.R","1053","f8421545f28a547cdc711d2ccf2b31d21c8f8550a7b97f58c13afbe97dc974b2"
"analysis/03_GSE152004_primary_validation/04_logistic_regression.R","984","7dae6b0bed3c9e85dceb5931ff544b802551fe93238588c866ff2185e65ad6b1"
"analysis/03_GSE152004_primary_validation/05_E1_E2_E3_clustering.R","1337","2e6de8a6ac71ff72e95cdc73e4830e403983fc5842aedb680d83283e606d5aff"
"analysis/03_GSE152004_primary_validation/06_multicollinearity_and_residualization_recovered.R","3069","8f937a542916a2107c64ca2f35ac38632d3658badac7354b194035174e72810a"
"analysis/03_GSE152004_primary_validation/07_residualization.R","870","14187bc85dcfcb4d090fc331b94d3c8b98ad29bb766b74041e08b1a3b6f0c202"
"analysis/03_GSE152004_primary_validation/08_score_construction_sensitivity.R","1439","b7f7b7c34ffebf8f3e39bf7ab4464b223c1b58e244b95e47fb92319c3e749ff6"
"analysis/05_external_ECM_sensitivity/01_Reactome_ECM.R","279","5912427a003e57dcb4627719cfe2d444ea195d043cd7c6605ee6ba1d184fc151"
"analysis/05_external_ECM_sensitivity/02_NABA_core_matrisome.R","280","bff4cdd668317211464ac261cece31b6f6bcc62aaa92ef2d674dfc30e5c69087"
"analysis/05_external_ECM_sensitivity/03_overlap_exclusion.R","647","311401cf16ea318e00569eef703465c95b64e5dd9c53bf81552394831866f17e"
"analysis/05_external_ECM_sensitivity/04_random_gene_set_audit.R","155","412131fbb92930b53af761fb37e4e0c10a5040cf678f41615d5a96c5ddc20b97"
"analysis/05_external_ECM_sensitivity/05_ssGSEA_sensitivity.R","405","67c119f1d96e50c4b5ecd6755745aac38ffa69fedcf5c1a344587a8b41695d4d"
"analysis/05_external_ECM_sensitivity/corrected_external_ECM_pipeline.R","53655","99cfb8f306cf3c627bd03bfa7e32bf4794c74832e253989cfdc11b502363c17d"
"analysis/05_external_ECM_sensitivity/README.md","527","34f2bda7458ceafdef576943f3d538179c87eb958362950cd69bda11550627b4"
"analysis/06_hospital_cohort/model_specification.R","390","8ed0979221a1b1f15457ef24dce675b71c53eb0b9dc453c23d05aa6542f261aa"
"analysis/06_hospital_cohort/README.md","475","2f899fdb48d8a8173c142140ed632cddcc62378b6a02158ce96edd9d3d964ea7"
"analysis/06_hospital_cohort/table_generation_template.R","182","be8a6ab3ea68a1bcaeb51e15bb529fbfed9b96056546c50366a842f1379e2ab8"
"archive/development_history/Figure4_GSE118761_PCA_preclosure/03_PCA_preclosure.R","1339","22dfefd8250350b3608e11905481e002329339df85c706c61d37680dee0c97f4"
"archive/development_history/Figure4_GSE118761_PCA_preclosure/full_repository_run_summary_preclosure.tsv","697","2fae0d189e83739d04833807cea0dfabbdf96d55b964af52438b0fe34d5c9562"
"archive/development_history/Figure4_GSE118761_PCA_preclosure/GSE118761_nasal_PCA_correlations_current_repo.csv","1093","9e37e8bda4d51300f7cf6b267715d6d4a1e074c93325c01b2e9c2606b316644e"
"archive/development_history/Figure4_GSE118761_PCA_preclosure/GSE118761_nasal_PCA_correlations_historical_like.csv","975","132c2ab62d7390187155a262870b2173fd3bc4d89f364adea99525af7268e14f"
"archive/development_history/Figure4_GSE118761_PCA_preclosure/GSE118761_nasal_PCA_scores_current_repo.csv","10592","41d1ad01b16c51587c28cb178a3015cd07b8fe27ad79cb1247fa37434a13ce3f"
"archive/development_history/Figure4_GSE118761_PCA_preclosure/test_summary_preclosure.tsv","2658","31ec435a214a54025c2c3c35fc264642dd0f51c14dc7895fec20f9cd1b683c04"
"archive/development_history/GSE118761_projection_historical_unreproduced/Figure5_historical_locked_preview.png","259770","e236ab8140a1f0db034f9ec64002f582758c82856971e263d5f791b958a5ce49"
"archive/development_history/GSE118761_projection_historical_unreproduced/forensic_audit/GSE118761_projection_forensic_inventory.tsv","1004","c72e0e0a71e923977208a8ebbac50e4cad9f3fff412c773bac1bd00d25388c3d"
"archive/development_history/GSE118761_projection_historical_unreproduced/forensic_audit/GSE118761_projection_method_grid_assignments.tsv","2765910","8a55c0e2e0efac8405261edfd38496aff1d6b625a1ad039c52f761561ceb9a0d"
"archive/development_history/GSE118761_projection_historical_unreproduced/forensic_audit/GSE118761_projection_method_grid.tsv","28356","8db0a7cdc0b0f6a4eaaa9254def884e57be6f90903c2585b1e5cd289cada3705"
"archive/development_history/GSE118761_projection_historical_unreproduced/forensic_audit/GSE118761_projection_unresolved_report.md","1876","880d2960d68fba77fb1621767ffb8fc95198d9e68182ebbae219553e90d2ef90"
"archive/development_history/GSE118761_projection_historical_unreproduced/forensic_audit/GSE118761_projection_workbook_inventory.tsv","59008","380924bf03ab9995534e5ed5ff87fd94cab180d8e04d23547790c1051605ffed"
"archive/development_history/GSE118761_projection_historical_unreproduced/prelock_final_full_clean_rerun/validate_key_results.R","4254","863a9e2ab067f681a721174b073b6165b7a4333bebc3f4c387ebf9827ef1a6e4"
"archive/development_history/GSE118761_projection_historical_unreproduced/README.md","486","9f3b9e817a6276d0084c57c55e9dcd9425ca0fa676d26e2356e26239d02d9850"
"archive/development_history/GSE118761_projection_historical_unreproduced/retained_conflicting_assignment_exports/GSE118761_nasal_projection_assignments.csv","4820","4a4286dbbfc2c5e80f9884475a7a3a9048ad6b9d90eb0448793b78850d2b548b"
"archive/development_history/GSE118761_projection_historical_unreproduced/retained_conflicting_assignment_exports/GSE118761_projection_profiles.csv","226","15d800e189497c2aff1e81647c51bce0dacf513f942f8ff766b0a71933c3f511"
"archive/development_history/GSE118761_projection_historical_unreproduced/retained_conflicting_assignment_exports/GSE118761_tracheal_projection_assignments.csv","4455","a2f8834e95449dfc0b1b3f40c20b116c1dde83ac744a0201a15e1f892940940c"
"archive/development_history/OR3.4_key_results.csv","764","fdb8c1d60e3253b686a3f8525de885b45cf51e113177321b7d010c39240bfa0b"
"archive/development_history/OR3.4_reconstruction_code.R","465","815cafd411b2a04cc7bcbb7be68cc03b7c916ff8d1a9466f1639ce4cf8d9e6fb"
"archive/development_history/OR3.4_score_comparison.csv","435","1602bebe22cec78ae6473e0aa96bf175977652be5fd9f4c7c7aa554fffbd0d49"
"archive/development_history/repair_ECM_rule_development/docs/B2_manuscript_wording_options.txt","1263","917b490169fda1c832739ef43607189c615e5393e81293af8dc470b65507d87c"
"archive/development_history/repair_ECM_rule_development/docs/reconstruction_provenance.md","891","f7ee5ea73557735d1dd188846a29fa4e86ca55fb2d69a2f52e105eba91457a16"
"archive/development_history/repair_ECM_rule_development/outputs/reconstruction_development/B2_chosen_tree_summary.tsv","375","b6ffda66e7c64ee88706336c82e0e46b373018d1e91941d6982ed37cceae22d3"
"archive/development_history/repair_ECM_rule_development/outputs/reconstruction_development/B2_development_exact_match.tsv","81","6be3f56de2ec6b9191e21bd0cbaf6095dc736b977a1ea3b0440b63d9763a2423"
"archive/development_history/repair_ECM_rule_development/outputs/reconstruction_development/B2_development_final_genes.tsv","253","e1cc571398c6d2c43b5f25f5a2397ca502409d261a63c35e5576bd953bb9ee29"
"archive/development_history/repair_ECM_rule_development/outputs/reconstruction_development/B2_feature_leakage_audit.tsv","10481","9a14e68514d0ed893a5d779e053229024f9cf7ac6d407f8e95aee12b19968413"
"archive/development_history/repair_ECM_rule_development/outputs/reconstruction_development/B2_final_thresholds.tsv","371","d91dd6a4487019e23c5f95d94f9cfae43f6173028e5ef918c33ed78a40fe78bb"
"archive/development_history/repair_ECM_rule_development/outputs/reconstruction_development/B2_threshold_stability.tsv","2032","f4131509ed0e3ae4f69a3e2d8bc97a6776adb5b130feb85bf6a0d21a8453e733"
"archive/development_history/repair_ECM_rule_development/outputs/reconstruction_development/B2_tree_complexity_search.tsv","22504","ffc4888316fc88bef9eddc58c66f96dd49c052d4bdcac19e345f4e24216c9cf6"
"archive/development_history/repair_ECM_rule_development/outputs/reconstruction_development/B2_tree_exact_solutions.tsv","2659","910bb579be1fde5a5d21a32cbb40b4cff7f497f808e9d9ed4361062c6eae700c"
"archive/development_history/repair_ECM_rule_development/outputs/reconstruction_development/rule_simplification.tsv","2422","95ec60db222397b1263504b32e50dfc0a5f853a93d46ae5095b4b39ae2323dab"
"archive/development_history/repair_ECM_rule_development/README.md","265","b1a207456b7f8938508c4cc84944f60027de972fbb4fac7c2785630efd384e2f"
"audit/archive_independence_test.txt","541","1c979d963c5be295dbd31e7fed3123170f718d027db476317c7d24304d4b2922"
"audit/clean_exact32_rerun_20260918/anchor_cluster_metrics.tsv","201","b06bc883885cf9ba1c5df26024798c6d57781381b35b1b031e8cbf5cd4d934d8"
"audit/clean_exact32_rerun_20260918/candidate_pool.tsv","17997","7faa1a413773f233bc7b7acc64e5c24af86aac2b7be62262f6c77c2af7eb83a8"
"audit/clean_exact32_rerun_20260918/clean_rerun_console.log","858","a07b039f2ab0affbd66104e56105b940f6a5c21bd856f3b2a95098c478dfcec4"
"audit/clean_exact32_rerun_20260918/derivation_run_log.txt","511","85741beff06819d35b2732860eadc70910ddc3b1d4eb6183eaf6c42161397e86"
"audit/clean_exact32_rerun_20260918/environment_inventory.txt","1380","f9d64b07b3f159e02e28b3ac6164eb1ced03560a538a19f3f524b33b8dfc363b"
"audit/clean_exact32_rerun_20260918/feature_cluster_metrics.tsv","926","728130811d0b2d4f255af8954eacdad68660e3f6e6f80665aa11d2155047606a"
"audit/clean_exact32_rerun_20260918/final_derived_genes.tsv","253","e1cc571398c6d2c43b5f25f5a2397ca502409d261a63c35e5576bd953bb9ee29"
"audit/clean_exact32_rerun_20260918/gene_feature_matrix.tsv","35755","977c84c2317e8a4fb9945dd7603213255b6e5767cde416f222e296f85deb6060"
"audit/clean_exact32_rerun_20260918/GSE18965_gene_expression.tsv","2479482","6ddc2314fe16e7966cdc03c903c5854d97c8ad0ba51dce5ada26a9ebfee53b35"
"audit/clean_exact32_rerun_20260918/network_prefilter_audit.tsv","4158","68b7b0b43359ab643e104291a7207abdee569dc5deafddbe86cdf3420c2aab69"
"audit/clean_exact32_rerun_20260918/Pearson_matrix.tsv","360838","6b152dcf602967f15f581cd0342fe186e3e99d405a93b1c80e5cd3fe2a2c951c"
"audit/clean_exact32_rerun_20260918/post_derivation_verification.txt","101","bdc53c32e83165395033f45c9560f1e0a0652e4ea3d970b0dfa04cd82b792d6f"
"audit/clean_exact32_rerun_20260918/sample_metadata.tsv","454","0cbfef528c74d602dde640ae179a2f61e665a1e1bbcaddd6c8cff5c57646241e"
"audit/clean_exact32_rerun_20260918/selected_highest_mean_probe_per_gene.tsv","1850031","15aa20b542e23c2c2a6b7de4043839951615e489371e41e7ff14ad58916b384c"
"audit/clean_exact32_rerun_20260918/sessionInfo.txt","575","09793d0d1321c43f95eb829c392e00f5734de7a94977952acf921dc940b2b34c"
"audit/docx_extraction_manifest.json","471","ba8ca7c8d65eb062ae22a9615ded63690e5109de432a720d5098a8523826eae9"
"audit/Figure4_GSE118761_PCA_independent_validation.tsv","1039","4ff06585157cc7a46aa94ab2654d16f31a998da5e70b844b1142550875e20be3"
"audit/final_release_full_clean_rerun.log","7043","985e2d63f48f090a46a3bf473ab3eb1c5a2171210d08763082d4456dfce1505c"
"audit/final_release_key_result_gate.tsv","901","81af3c15cff20568530687956c05664ba443dc26b60654bfc9b0d75aa6b48c80"
"audit/FULL_REPOSITORY_AUDIT.tsv","5974","089242fc8e03c19eb9a324d5c26955ddbd96fd4ed87dea2745ad90812c84efb8"
"audit/GSE152004_alternative_score_reproducibility_status.tsv","496","743f421e220bb4bac9ec7199b637c9fe99799aeb0e993618cea8d6f1f172a567"
"audit/GSE211158_absence_check.txt","145","cceb820237b6209de1b178cd99b64390cbf91981086356783fe5d1057da718e0"
"audit/manuscript_result_discrepancies.tsv","866","849ed5db8e1202c38e1eaa311d27a06d3dd62f3c1e86c33c9940b41e1d1f477a"
"audit/no_hardcoding_audit.txt","157","1a6124771c6e61143487b4be3548e8daa2cee5a84e67c25ea6cc06ef87ab762f"
"audit/projection_conclusion_check.tsv","516","1d5d411d30f5875909c8ce1eb13814c438557be2edbb8d2295c4612dd7b94741"
"audit/public_data_rebuild_validation.tsv","1269","9fd24414cefe1b690e81384a1a48ce81b7142af450c6f87da9571cb04f72d177"
"audit/S8_projection_dependency_audit.tsv","355","e684e6e50d72964718ee6a5b9546fb6ffb482a05a2c4aacb87e6ef5789492282"
"audit/security_scan_report.md","821","e8000b19055e5b7d9233ad5f463b35e51acdf25e7e420777f23ffcc67fb87178"
"CHANGELOG.md","601","f90bb73df2bfb554bbbd224446856f48ded646a299d568af71fdc179ad3f1a1f"
"CITATION.cff","675","7b9713ef42a1d333be9050ba298740c21ce913575dc1366fec0372ed3451abdd"
"config/global_config.yaml","1004","92ea7d81f2d0708503788f4d65503b9fb4ce17b871bcf7a1edf790a98849b65a"
"config/GSE118761_projection_final.sha256","66","297ef4479bf1a7a07e8c35c46e3a242f64e72dd1f78fd8e1e79d2c94d50ea633"
"config/GSE118761_projection_final.yaml","2007","4888601454d2beb8f863cb8e089ef57c133576c5ad93b51fbc65df58ce0ba0d2"
"config/repair_ECM_final_derivation.sha256","100","ca4ffc37aac40cd56175e9f04981ff61d2fc90c95902a50c3f06d8bd22adfce1"
"config/repair_ECM_final_derivation.yaml","2715","c0aeb32290434ea544eca3ca2caa627c00dad9464dce65220f13790731a26a7b"
"data/annotation_sources/annotation_gene_membership.tsv","63592","70986164f856790c5172f0ef8d74cf9f1ed35cd6b99a703306f13e4c4d2f1f03"
"data/annotation_sources/annotation_sources.tsv","972","d20fde521435cbc1877b595b6e1e30687ffb5e0a1b82541a91b5cff3f59d390a"
"data/annotation_sources/HGNC_Collagens_group_490.tsv","8307","b44f44aafbd82c47dbcc1ba54c2869a4128cd9de17a82f3d69c0a6e71f97cf8f"
"data/annotation_sources/HGNC_Integrins_group_597.tsv","4696","a5253bb8d5f461929b0091fa798ebbf9ec217d92fc4b7802ec343355d72b3590"
"data/annotation_sources/HGNC_Laminin_subunits_group_626.tsv","2126","c228286ac25f12ba24d9f71dd4d7ee31e9d0dbb1e4db1ea563ce34a4a848c7c4"
"data/annotation_sources/HGNC_M10_matrix_metallopeptidases_group_891.tsv","4289","fd1266b3e8c770debee9f9f078d8e632aa2dfeaf98b1b9f138746d32b3ef8d7f"
"data/annotation_sources/matricellular_revision_panel.tsv","4447","fef6da3884e42474cc08efd1a24265b71ac9d8805630e6aab56794bfb22e719a"
"data/clinical_template/hospital_data_dictionary.csv","1362","49a68fce1fbe4bc6c19143cce1b53b83955fa15747c8bb2e3c6fffa2a77b7bc4"
"data/clinical_template/hospital_data_synthetic_example.csv","842","a7a475e972a2cd85b3fbe14f1ea3d7544d4aa8c6ef423c68e84002ae7add7d51"
"data/external_sensitivity/README.md","436","a2ed2073994b9ace6ded95999e01364f149d3cd723cedc962daae195af0a2cb6"
"data/GSE18965/GPL96-57554.txt","45127105","26eb1b2d548202c87b61b2b0c071d7f3acc70b0baf989b9e1fead52573e0c903"
"data/GSE18965/GSE18965_series_matrix.txt.gz","2031509","ff8f9aec856b3c034c03f48d6d835b3494df1016c6abb19c2bd6eed738970fc2"
"data/README.md","1994","044d7b9f8840fc921166cc23f6b0dccc24078257c5f3398d40d034ccf8dbfc8e"
"data/reference_gene_sets/IFN_fixed50.txt","364","ce4bded278961de6b5abaf8b7498edc48f39e59eba4f1b22a29092ac2313ce2d"
"data/reference_gene_sets/NABA_core_matrisome_manifest.csv","8555","19388aaf0a7f7272de03be14aee912e6fa7101dc99846711d3a23c58b76b1402"
"data/reference_gene_sets/Reactome_ECM_manifest.csv","17384","e89381e7c8cc39a28e5105893808bf4626d0abfe38657260f0cd01787e7f87d3"
"data/reference_gene_sets/repair_ECM_fixed32.txt","247","0978ba644f31e1f88bf9c15b963bce3a1c44bef7c0c746373194750b3151db2f"
"data/reference_gene_sets/T2_fixed3.txt","23","c3ba3024bb59568d00b5b20b002b1c5eef4fe0f2f145a902ca7e1a26275625a6"
"data/reference/manuscript_reference32.csv","227","1306f869af7fad713a5b9de86b43e87b18e9bc602e1c86ba573e23c44c1d3aa1"
"docs/analysis_registry.tsv","581","22a790dcaa307628fda5c02323a9dee31d242445739804828a83a426a07497ca"
"docs/annotation_provenance.md","739","d305243a4b922426a635bc3d124ce7d8c706b890eb88707f84f0f32f26e13ab1"
"docs/clinical_data_availability.md","339","f4b6a6f34619cd9c829934a1b216c3044900c1ae08a8e3b661ece512deac4391"
"docs/GSE118761_projection_FIGURE5_LEGEND_FINAL.txt","471","80c5fa4fc9343825d578f0ddce344fb1a3a6ade23881ccaa562b93b365ca0931"
"docs/GSE118761_projection_manuscript_change_map.tsv","1418","eef334ef98f9b359304cd78411b81ec016b4429841122b498dce6f2f17a24731"
"docs/GSE118761_projection_METHODS_EXACT.txt","1138","f9283e4c48bcbca575c3b99115c81853c649b893f0d277d40f4d1b69a18f781c"
"docs/GSE118761_projection_PROVENANCE.md","1237","181eff5a1879001eef7d73e0284c2ebcf94b285290c150393acaef69db4dc01d"
"docs/GSE118761_projection_RESULTS_FINAL.txt","478","f22d6726e6ce403fd9c7975eff26ebf1c2ede20c3f4f648572b1c7c6955145d4"
"docs/manuscript_to_code_map.tsv","3957","19d67bbd26d468c47cde6905e7efdb9f8d99f88c59ed6b385a177883970e0d7d"
"docs/method_parameters.md","1001","8cb3e8e5f164ae7bcfb143a54be230bdae291978a06f597bb1fd19acf589b0b7"
"docs/reproducibility.md","913","429ca5658f3199a648ef6052dd00c17a1876d5448b30c307cd76ae61688f758e"
"docs/workflow_overview.md","772","2f26bc72d19aaef9ce7e815c9e7900ab164aedfc3791e3bcc855baf1a28d8efb"
"docs/workflow.md","895","9fa4c2998ec9d7b30eb2f5f5554b723c4d3b84c898bf1e3e3158a6585e4e7cbf"
"figure_source_data/Figure4/Figure4_core_summary.tsv","867","220a29509b382e8f8b62e1e5be8e0905e895e75bf7e0c8adb78c47553e2cc71e"
"figure_source_data/Figure4/Figure4_locked_key_values.tsv","831","bc53a8d97514c995342b6ee2b006f7c6917f4028006089b6323efd8d34fb9428"
"figure_source_data/Figure4/FIGURE4_PROVENANCE_NOTE.md","1834","69f594d23ecceb03ae01e5520c0f464650ec455778b88842e3d2f9f6c9bfa6a6"
"figure_source_data/Figure4/GSE118761_all_sample_module_scores.csv","38482","706d40a30fa2520a01a14804b539b8066df24b3f8396bce723ec4b6a8827048e"
"figure_source_data/Figure4/GSE118761_nasal_PCA_correlations.csv","3245","6e232cf729f6ccb88801e529e8175c5131076feff16e8f139f7d3c75a69f412f"
"figure_source_data/Figure4/GSE118761_nasal_PCA_scores.csv","11163","5564fea850ea6039938409fd36ec3c06e8d0d677010ae55807c3067a190d8afd"
"figure_source_data/Figure4/GSE118761_processed_metadata.csv","32673","14be86d2f20ef6b2a5db08b68bee8d16fdcd07af64c27a7daa96bc0f19476c34"
"figure_source_data/Figure4/GSE118761_tracheal_PCA_correlations.csv","3210","ed122a335c53efec9c05488824e254ec945dd9449a1264a215ce6b8a9d86746c"
"figure_source_data/Figure4/GSE118761_tracheal_PCA_scores.csv","10092","26552664bb8a5486818e51b69e8a42eb973427589fa1816410de0f308ef8ca85"
"figure_source_data/Figure4/GSE152004_module_scores_recomputed.csv","118835","30d87d69c59c6768c4a4ef8bb9298c4cae749d5eafdd96cae9a7a2a99c4239b3"
"figure_source_data/Figure4/GSE152004_PCA_correlations.csv","1351","755526301e92ddd5121dfe094fdd67d5abc3bfc35b6b9fe7b78233207b123f4c"
"figure_source_data/Figure4/GSE152004_PCA_scores.csv","127270","491f18b0a40e41f800d24d7e593417cfb5eae3e08abf7a1ff02017ef1d7aa737"
"figure_source_data/Figure4/GSE152004_processed_metadata.csv","80778","71438451ea761977e4a71e4ce53d9404a9fbb1aac453e74a2a0c2565ee173722"
"FIGURE4_GSE118761_PCA_REPRODUCIBILITY_CLOSURE.md","2929","53a37e0e5fe7bd5b71c9dbe872a6c64058bdf82e77d923e70c06f0bd0a41905f"
"FIGURE4_PROVENANCE_REPAIR_REPORT.md","3728","0ac598e92e95ceee5fe5bbb0ecd5eb79bd9e239150ca288e86becbf2ee97a4c6"
"figures/figure_source_map.tsv","2356","141a9a74da76d31bd3dab523c8bbfbfd15b8ecc75ddc66fff101e8d1cd62e78d"
"figures/Figure1/Figure1_final_locked.png","534564","8f7ca7371aa3d2f69236a4d082898b262ade76eb28c69a6e91c1072627bf653b"
"figures/Figure2/Figure2_final_locked.png","121720","89cd194a20b6865ba6c35116c22fb8a0b2e6afdbe5ae5dcc09672f02d1b82b57"
"figures/Figure3/Figure3_final_locked.png","88529","cce78c58549138604463de89143829cded028a66ce278d9ed9bf8eb948df6a14"
"figures/Figure4/Figure4_final_locked.png","76668","46bef47fd9a1d6de4b9b3e0c142ff1d03f986b760efe6150653a7e67ffb80326"
"figures/Figure5/Figure5f_rebuilt.png","31624","2a07852227143a5ecded3af97f9eaa44627f73dcd3538890517733db2dd3967d"
"figures/Figure5/Figure5f_rebuilt.tiff","53268","cd1c8a3ef9ab01244e4db95dec483b58db322621af93eaa9d9d4dd36c450adeb"
"figures/Figure5/Figure5f_source_data.tsv","593","643a9e3f7da9ea9465c5b90eb33514f2de7774817cc20a7de3fbc58128dca4b3"
"figures/Figure5/make_Figure5f.R","1367","333cd318c57afeac9b111222679a92d9cb66f72020a8763656e49c9d9e397a76"
"figures/Figure6/Figure6_final_locked.png","67118","2860c68775ee101cb1d9b5ee625e2cae6e321659c0ddca71572a275947290fb7"
"FULL_MANUSCRIPT_GITHUB_V1_RELEASE_REPORT.html","2839","0402d0c344e5ddceb38a51236a9f6b9bb6b63828a1e16498e35cb3635633a581"
"GSE118761_PROJECTION_FINAL_LOCK_REPORT.html","3082","71d16a5465f278d00ae73f4f99fe950bcbc469f47a1a024678b99c71eb799f1a"
"LICENSE","1069","1b529078e44a27f7eed853fc0caf78809b10d79c4742de45973acd885b4351d2"
"logs/GSE118761_projection_FINAL_run.log","3480","7e9888a16e36f58d1ffaf3d2b4592f9f0df8a5de5949d1d025abc2224bffa20e"
"outputs/01_GSE18965/GSE18965_all_DEG_results.csv","1716190","a934760fb3b839f61ddb5382405ea0fe6198be526220abe20365f3f6b5d64ce7"
"outputs/01_GSE18965/GSE18965_DEG_threshold_audit.csv","89","b92cef0c03c24672e0de0f162a887b6387aaf4ce06b24bae37370c9e02dd8015"
"outputs/01_GSE18965/GSE18965_fixed32_DEG_overlap.csv","2423","4898e0679f778b633c769146c92b937b5076f3b1165a7e66f07c98feeafabda7"
"outputs/01_GSE18965/GSE18965_gene_set_score_models.csv","683","13c524fd6961830f9a86319dbf51c884dd955a9d2a33107afb2236eabb89a567"
"outputs/02_GSE118761/GSE118761_aligned_input.rds","9765138","b4de98f449bf3ae08e0170eb315e2c748349fb7dc065140f85cad4f863417a57"
"outputs/02_GSE118761/GSE118761_all_sample_module_scores.csv","38482","706d40a30fa2520a01a14804b539b8066df24b3f8396bce723ec4b6a8827048e"
"outputs/02_GSE118761/GSE118761_asthma_wheeze_overlap_audit.csv","67","82f08c926a89687a33bb014e72e73ec21ed4e2e24eeec8e0e83a96948b50127b"
"outputs/02_GSE118761/GSE118761_nasal_module_scores_quadrants.csv","22571","57a573f8bfaf55d02cef25fdddf771fb39f501d6b3647f34eb8c962985f6ca18"
"outputs/02_GSE118761/GSE118761_nasal_PCA_correlations.csv","3245","6e232cf729f6ccb88801e529e8175c5131076feff16e8f139f7d3c75a69f412f"
"outputs/02_GSE118761/GSE118761_nasal_PCA_scores_recomputed.csv","11163","5564fea850ea6039938409fd36ec3c06e8d0d677010ae55807c3067a190d8afd"
"outputs/02_GSE118761/GSE118761_nasal_quadrants_recomputed.csv","22571","57a573f8bfaf55d02cef25fdddf771fb39f501d6b3647f34eb8c962985f6ca18"
"outputs/02_GSE118761/GSE118761_processed_metadata.csv","32673","14be86d2f20ef6b2a5db08b68bee8d16fdcd07af64c27a7daa96bc0f19476c34"
"outputs/02_GSE118761/GSE118761_program_correlations_recomputed.csv","827","5972072ae40db8cd3790a6708be57628fc127b729b1ac9275730e72e565f0bf1"
"outputs/02_GSE118761/GSE118761_quadrant_summary.csv","503","0a07970714f408e551b0433c2f416a037e0ff142a29701a1770736c2f321c82e"
"outputs/02_GSE118761/GSE118761_recomputed_module_scores.csv","38467","1c91c37369791a44c3c442d6275f4ba6ed045dbd3e241801e899b620943236e9"
"outputs/02_GSE118761/GSE118761_tissue_summary_recomputed.csv","192","3c553988162b3123c4b6d3e2ffecb335322a05bf92ba75dd3a86c6669a1cdf5a"
"outputs/02_GSE118761/GSE118761_tracheal_PCA_correlations.csv","3210","ed122a335c53efec9c05488824e254ec945dd9449a1264a215ce6b8a9d86746c"
"outputs/02_GSE118761/GSE118761_tracheal_PCA_scores_recomputed.csv","10092","26552664bb8a5486818e51b69e8a42eb973427589fa1816410de0f308ef8ca85"
"outputs/02_GSE118761/GSE118761_wheezer_atopy_CV_fold_AUC.csv","104","175699015af1a4ebb1da73855655bb7ba97fb29ad8a14fae6c98847853629268"
"outputs/02_GSE118761/GSE118761_wheezer_atopy_CV_ROC_summary.csv","145","765755f9f38b0afb0f68a51c4f9baaaf4f583b874526140d26832d085fb0fe1d"
"outputs/02_GSE118761/projection/GSE118761_nasal_projection_phenotypes_FINAL.tsv","908","a64054512e2058c3ee88d90510216336b69c163129d52b1e12f4735f93961a39"
"outputs/02_GSE118761/projection/GSE118761_projection_assignments_FINAL.tsv","14934","5b821d32f43e8955554fcb168f0560ba5b9a1655e974d646776b8c1958f8bba5"
"outputs/02_GSE118761/projection/GSE118761_projection_confidence_FINAL.tsv","447","85fc74a189da129012aa7204aff8de76a50aacf42ab636f17495218bd1c80742"
"outputs/02_GSE118761/projection/GSE118761_projection_counts_FINAL.tsv","244","da1214d5e02b8bdb331a185a81e3e9d8eaa54f526a7e758afe9fc8e19de9b536"
"outputs/02_GSE118761/projection/GSE118761_projection_distances.tsv","19271","bf1de54d5e5602f9024b4490ec1b74fc1be158b0e6226476b69996f6d537e120"
"outputs/02_GSE118761/projection/GSE118761_projection_program_scores.tsv","43133","fdf709673169a2713efb62eeff90f84c701be176b04a6dae4e0872ac82398827"
"outputs/02_GSE118761/projection/GSE118761_tracheal_projection_phenotypes_FINAL.tsv","888","59d9e52b92f4b279dbb162c08994fbfc6493a291b6e78cb97bfddc5a933d0162"
"outputs/02_GSE118761/projection/GSE152004_centroid_source_samples.tsv","45703","e6982b96d9cfd604a4b7d557ed04c1e94493c032ac7b95799894145c7bd0e312"
"outputs/02_GSE118761/projection/GSE152004_reference_centroids.tsv","437","d5f9afa72b43b60245ae7fa2d0d7aed0299748eefe9318ea402c9f41df7999f3"
"outputs/02_GSE118761/projection/PROJECTION_CLEAN_RERUN_PASS.txt","36","062fb44aaaa875cbfb87e7e23562e2d0154a7cab8d5833048c07d0a5024ac240"
"outputs/02_GSE118761/projection/projection_gene_coverage.tsv","614","c6f2b9930d5c7c6019592209f9ee00949cc615b7490a75ab89468847870014a9"
"outputs/02_GSE118761/projection/projection_inputs.rds","9820558","237428df23a4121bacff57d2a0c9262999cb2eaddb384c564ac339013c0eaa83"
"outputs/02_GSE118761/projection/PROJECTION_OUTPUT_SHA256.tsv","1181","d61a00fa63823c6902de5e297a0ef3d7fd871a238689a5341c5870ea9b4a4f6d"
"outputs/02_GSE118761/projection/projection_run_verification.tsv","236","609cb83f382360df371ae09b5e9b9a35d3f638e67eb8a982b433a4403cd31108"
"outputs/02_GSE118761/projection/projection_sample_audit.tsv","4815","98218ea76c52fd7fc70ebbf18d404a725bfa00608963e196927de0d40ce107e1"
"outputs/02_GSE118761/projection/projection_scaling_parameters.tsv","732","ec6e6b7fbbe7ca00d6a643b757ec52f72c241136dd15c536c6788cd15814bc87"
"outputs/02_GSE118761/projection/provenance/input_manifest.tsv","2133","ea2e604b065af99f62c730f98f091aa8930faba4e6f7818667ebfaa99f1df8f2"
"outputs/03_GSE152004/GSE152004_aligned_input.rds","58066798","f31c6a5b99fbcf1323fd532b64b06e15d95e30e318ab6da5f20512f8823769f0"
"outputs/03_GSE152004/GSE152004_alternative_repair_verified_output.csv","279","82f112d25beb0eaef1ae8d9bcaf72999210fccd176469c93e38406d1f1923f2b"
"outputs/03_GSE152004/GSE152004_final_state_assignments.csv","57228","c88b72e00bd02aafb0993842050e4ca00e02b7651bc33a9f7801182d11c7dbff"
"outputs/03_GSE152004/GSE152004_final_state_centroids.csv","260","aa89b9aaa361008913718cc57336099963b65de85ca6679879d6c39ca26b23ec"
"outputs/03_GSE152004/GSE152004_final_state_profiles.csv","92","98b692b7e88f61eec8241fe2d8044132f64ba39311a339c5ce1985f546cee829"
"outputs/03_GSE152004/GSE152004_k3_assignments_recomputed.csv","57228","c88b72e00bd02aafb0993842050e4ca00e02b7651bc33a9f7801182d11c7dbff"
"outputs/03_GSE152004/GSE152004_k3_counts_recomputed.csv","92","98b692b7e88f61eec8241fe2d8044132f64ba39311a339c5ce1985f546cee829"
"outputs/03_GSE152004/GSE152004_module_scores_recomputed.csv","118835","30d87d69c59c6768c4a4ef8bb9298c4cae749d5eafdd96cae9a7a2a99c4239b3"
"outputs/03_GSE152004/GSE152004_module_scores_T2_branches.csv","126914","7543210630d43f63a1167081ef3dcd1f5d2bac77722d7095582c5ffee7c80e46"
"outputs/03_GSE152004/GSE152004_molecular_T2_high_logistic_model_T2_branch_sensitivity.csv","1543","1b4f5d3b41f7ed47839f4a0e4c79ec3ed5d4c58358d2e4e278060fe994f523e5"
"outputs/03_GSE152004/GSE152004_molecular_T2_high_logistic_model.csv","286","34abc3cffb709f6c20859ff320cb2091720fb9a985e2790d751d325c364b5cf6"
"outputs/03_GSE152004/GSE152004_molecular_T2_model_predictions.csv","46361","03cd33c98ecbefaa5a4019e96582cd39bb9b742ba8b886021ddc346af1ec8af3"
"outputs/03_GSE152004/GSE152004_PCA_correlations.csv","1351","755526301e92ddd5121dfe094fdd67d5abc3bfc35b6b9fe7b78233207b123f4c"
"outputs/03_GSE152004/GSE152004_PCA_loadings_top_genes.csv","57191","4f6f0691271a8f8ade30035b5f5b497bf93f5af378a4a3c7cda5cc2f805cceb6"
"outputs/03_GSE152004/GSE152004_PCA_scores.csv","127270","491f18b0a40e41f800d24d7e593417cfb5eae3e08abf7a1ff02017ef1d7aa737"
"outputs/03_GSE152004/GSE152004_primary_logistic_recomputed.csv","290","172b4c664ba4b34d506a0c30aa1cb0690a99de21709efb20a4c347b5f531e113"
"outputs/03_GSE152004/GSE152004_processed_metadata.csv","80778","71438451ea761977e4a71e4ce53d9404a9fbb1aac453e74a2a0c2565ee173722"
"outputs/03_GSE152004/GSE152004_repair_ECM_residual_scores.csv","19633","6e4017553f0c62e781b992bf87141ad9f59fa433897e4f8c3f063d901a837d11"
"outputs/03_GSE152004/GSE152004_residualization_recomputed.csv","177","843dcf5ca9a246bb955ea62a4f8e74a17b520819d4a2a621c15c9469434d755f"
"outputs/03_GSE152004/GSE152004_T2_branch_comparison.csv","276","fafc02f95f6231afe9bca3a3d46eccb07bb1f674065cebd1578cb2adfd512943"
"outputs/03_GSE152004/GSE152004_T2_definition_recomputed.csv","34884","4af86a8ea693091d4ba3cc35046ff5b739e98c800283a5dcdf2b16c8be0266fd"
"outputs/03_GSE152004/multicollinearity_residualization_diagnostics.csv","1391","9f24c1a5eb3dc20a7c9c84ce39aac55cd94797e31fc4d27bcfc1eef2b5bf5157"
"outputs/03_GSE152004/pairwise_score_correlations.csv","1405","0b2f52f2ecd97ce3695a6014a29c27ae6448e7aaae64219d0ff9ea31c8ee76bd"
"outputs/03_GSE152004/residual_repair_ECM_association_models.csv","1257","5b13d10ff4b848168345b8ff73b0da5a416633445a3fd14f84093be617cc36e4"
"outputs/03_GSE152004/sample_level_residual_ECM_scores.csv","205844","c35e3becceffb22064420e62faffe2abc9798c94d35cc8d2109b09dfe7c578e8"
"outputs/03_GSE152004/Supplementary_Table_S13_multicollinearity_residualization.csv","1412","44c99f7bee8a17dc5ed0152eb327a986ed14fc589f824b06916bcde5b494ccec"
"outputs/05_external_ECM/CORRECTED_BOOTSTRAP_UNIT_TEST.md","294","22adb695798cff60f551f8dd59aa538aba9a4d51a23691095d36c9902949567e"
"outputs/05_external_ECM/corrected_external8_FDR.xlsx","7829","414e0815a1778907e8b99357d8c5206cbbbbdb9bf098eceee9844a5a132cbaf5"
"outputs/05_external_ECM/corrected_projection_specificity.xlsx","23758","a079804cca5ba37a85bc3d0e85c8d9d61a13066c4747e49c7cf7bacba52d5cf6"
"outputs/05_external_ECM/fair_mean_z_vs_ssGSEA_models.xlsx","20080","d7b6266003053fc68c57da6ddd1d108308b06e8d454882dea632af43c89f09e8"
"outputs/05_external_ECM/PIPELINE_EQUALITY_AUDIT.md","978","bec2aa0f6977ca07bcd79afd9219b8ad009b5c48736c319032a87e2d959a70cd"
"outputs/05_external_ECM/STRICT_CLASSIFICATION_AUDIT.xlsx","24965","d37ebf640e4268f282c0177f35d217e6b899b5c8458fbf6739161fec4e9121ce"
"outputs/06_hospital_templates/hospital_analysis_population_audit.csv","480","73f3b450cd02cd62a7a0176b1ea479ccea87e391d96fe786c268349d8feafe4f"
"outputs/06_hospital_templates/hospital_count_models.csv","549","adfe28ecf5025e6b45303a7e4006e369de4359a0076edfcb5c529207126db0ac"
"outputs/06_hospital_templates/hospital_ICS_sensitivity_models.csv","1198","e365df5388e1175abe0aa62619499a1b4135f095a6620b3c329388e050a42b9f"
"outputs/06_hospital_templates/hospital_primary_models.csv","508","6c6246d017dabae869bd0a0508e127efe56e2eba2e126fd9d92ae94548001ecd"
"outputs/anchor_cluster_metrics.tsv","201","b06bc883885cf9ba1c5df26024798c6d57781381b35b1b031e8cbf5cd4d934d8"
"outputs/blind_clean_rerun_evidence/blind_environment_inventory_before_run.csv","2190","d4692e946bab5c883a8a72fc07333aae7ea46b509f057da56d5f9ab279dd0505"
"outputs/blind_clean_rerun_evidence/blind_reference_exclusion_audit.txt","363","806a8f78347286a8ed5235fe4f6adc9bb31f236e6b157b8abd1cdc72f85d4973"
"outputs/blind_clean_rerun_evidence/blind_reveal_comparison.tsv","111","62740e9c42a9337bdb9d4f7bc5b53f5ba04304dda5a39da7b1a12aab381f22b6"
"outputs/blind_clean_rerun_evidence/blind_run_console.log","1110","755a07232d8d6081df799844180256affe5ad4ed3293d4db6b27a81503e4d3ec"
"outputs/blind_clean_rerun_evidence/derivation_run_log.txt","511","ff25c26676cb2a9556459cdeac475819e96baec478a254f38c09ab6685221777"
"outputs/blind_clean_rerun_evidence/final_derived_genes.tsv","253","e1cc571398c6d2c43b5f25f5a2397ca502409d261a63c35e5576bd953bb9ee29"
"outputs/blind_clean_rerun_evidence/sessionInfo.txt","575","09793d0d1321c43f95eb829c392e00f5734de7a94977952acf921dc940b2b34c"
"outputs/candidate_pool.tsv","17997","7faa1a413773f233bc7b7acc64e5c24af86aac2b7be62262f6c77c2af7eb83a8"
"outputs/derivation_run_log.txt","511","84761932260548fccd0ba03ef3e124ea75fbfd41edeef4e94412267310ba5150"
"outputs/feature_cluster_metrics.tsv","926","728130811d0b2d4f255af8954eacdad68660e3f6e6f80665aa11d2155047606a"
"outputs/final_derived_genes.tsv","253","e1cc571398c6d2c43b5f25f5a2397ca502409d261a63c35e5576bd953bb9ee29"
"outputs/gene_feature_matrix.tsv","35755","977c84c2317e8a4fb9945dd7603213255b6e5767cde416f222e296f85deb6060"
"outputs/GSE18965_gene_expression.tsv","2479482","6ddc2314fe16e7966cdc03c903c5854d97c8ad0ba51dce5ada26a9ebfee53b35"
"outputs/network_prefilter_audit.tsv","4158","68b7b0b43359ab643e104291a7207abdee569dc5deafddbe86cdf3420c2aab69"
"outputs/Pearson_matrix.tsv","360838","6b152dcf602967f15f581cd0342fe186e3e99d405a93b1c80e5cd3fe2a2c951c"
"outputs/sample_metadata.tsv","454","0cbfef528c74d602dde640ae179a2f61e665a1e1bbcaddd6c8cff5c57646241e"
"outputs/selected_highest_mean_probe_per_gene.tsv","1850031","15aa20b542e23c2c2a6b7de4043839951615e489371e41e7ff14ad58916b384c"
"outputs/sessionInfo.txt","575","09793d0d1321c43f95eb829c392e00f5734de7a94977952acf921dc940b2b34c"
"outputs/verification.tsv","111","62740e9c42a9337bdb9d4f7bc5b53f5ba04304dda5a39da7b1a12aab381f22b6"
"public_release_checklist.md","1520","6c3229665fefb1e21b93dadbc6e9a9f9e79e4be4b79ad253d5360d918ca13255"
"PUBLIC_RELEASE_READY.txt","615","9afba771a1fb9df30dd5e4772bb850fb7364cc51043dbd791911f59b07fb6354"
"R/00_prepare_GSE18965.R","1514","6332c85c731c416118373e3c4bdc9db67fdfda94b0b07a81532aa95c2444efb9"
"R/01_map_GPL96_probes.R","1502","a2a261df1c2995d2a2d268d06f86b5289f54d3dcc61ab6c3f84fd1d54911076b"
"R/02_build_candidate_pool.R","1593","9cc991f721351de796a3bf34d2f2e5de2d36355954eea43c9dd9c1f87c9819ad"
"R/03_generate_expression_features.R","4253","6209b2ddd638acc57e321c43d806cdac8dd5f16fb671dd18e5e1ecd073c24846"
"R/04_generate_network_features.R","5504","cc619ba9cef6ac26c90ad8a2383added3ec71e84d340694b2330002dd557e6a7"
"R/05_repair_ECM_final_selection_rule.R","1624","89a3db15b868884ddac52974e6b0ec491a4682105885dd07fdf029f9ee733c15"
"R/06_run_full_derivation.R","4452","d4da1b007d8278adbd1544d8ba9adb85ad6e6c4638a85f1cdd963305b4f47668"
"R/07_verify_final_module.R","1600","3ccf2af35af94e78b5912dc95bc72470f68005315d28834db75265b13a4a1772"
"R/08_GSE18965_DEG_GO_audit.R","2302","dc8ce158d0e726d2c3d57de7967e2c5f0a343d7a5dc33a4bac3858395789317a"
"R/09_external_ECM_sensitivity.R","1701","5b6dd34ec2650c2bf6951ca9503241318f9e01593fdd7e6bf0bca28bfe0b7773"
"R/common/module_scoring.R","3131","61ccf04542405b94330a48159d5925c507617db360ff6e903d66d943d827b1b4"
"R/common/public_geo_inputs.R","2804","1169633abe07b6379f89d86134322a7eafb78865475d4ec506e7a4707b13e3b2"
"README.md","7173","cb081ee476e5abafbb3ed92c77c6733686535e9d21ed732a406c87921469edfc"
"RELEASE_STATUS.md","801","58cc987694bbf43a720b9a432c6c20175574a8bc28da9e45224bf28f54d42602"
"run_public_analyses.R","5061","aa9dc273913d096fcff0b87421047f542d01dd49b133b75de15767e92ad2ba44"
"security_scan_report.md","1392","5e72567f195aab350b999dd19651c7c61884f50442018f8881984dea8c7f8f8c"
"tables/make_Supplementary_Table_S9.R","1019","ba0d26648e41dd6bc4e59a1554f2086c686e7bf75cfb91e4ab58d54c7b125681"
"tables/Supplementary_Table_S9_source.csv","1056","cc956ad71487077c8655f9ef747622afab7baeed3a3c66569a892a0afc59ffd1"
"tables/Supplementary_Table_S9_source.tsv","1002","509c882d6954093d5d80df42a38fc2553fbe980389d6332343b033b0a4c8ce1f"
"tables/Supplementary_Table_S9_source.xlsx","7396","ef40f8548dd827b60fa1f0ec6084877c542c6e0ee069ddb05c867daa63f14fcd"
"tables/table_source_map.tsv","2006","d2241e240b68e33cfcb1ea7fefb96869e9dd7c77fed39dbe034545447d34ed2a"
"tests/run_tests.R","1352","c8a5935c5927761643a28a46aeaf997345929609e0e9d710e73fa14a257e9238"
"tests/test_archive_independence.R","669","e51175f0e1f424323f6aee4e973458868bdac5d336d2a480191dd34d7840542b"
"tests/test_config_code_consistency.R","709","93761abacbfc87343f6ec97355c4646ffcd895c11a9cd65dcd8c7f8a6f8c06b6"
"tests/test_external_ECM_not_used_for_derivation.R","512","198ed8d93291fe4725c556eaff9ab3b75d1ae20be4a5de46beb66214f85f297d"
"tests/test_full_derivation.R","1362","9d2986c3d7dbb587a22692e0ffbff9acac840170ea5245c1f11f3c57a6839a04"
"tests/test_GSE118761_Figure4_PCA.R","2034","590dbebf8ee7256cf1c26df9da726efc9546fec1c0da74633003d1cde0b996c1"
"tests/test_GSE118761_projection.R","1576","8123bc4ec0e4c69aae3a0e4d57739754fa1643f910adbea90fd7ae2772618962"
"tests/test_GSE118761_sample_counts.R","753","8a99d55a002f6a2f20843e2f2edac8cd236f53e68991ebfdc9d92d89f5b689bc"
"tests/test_GSE18965_exact32.R","414","78e173ffa3309a52ce9527e11ca696c79fb74f2d03b675a1df2a658d86ee60fd"
"tests/test_key_manuscript_results.R","1385","a910a8934a6df6ac17e4de270777bc510834d032e24e4682bfc45f6db97ebbfd"
"tests/test_module_scores.R","479","ab2ae26b3f45eb935e66410731445f60b772793ca0ab33f8198ac61d99a14df9"
"tests/test_no_hardcoding.R","2115","4ec22046c138d4a1f09ca5ac529d2cd04952983009454f68b69391737593af1c"
"tests/test_public_input_rebuild.R","1599","123cf53c076749b5e5b9c1a9eb4574ea30b2316a250e73e041bed2aaa1625edd"
"tests/test_repository_structure.R","820","606a36e88904e1538032b3ebc4233f16711a2273d5efc94432d77f7da8fd42f5"
"tests/test_security_scan.R","453","9ef3006baec1085fd1c10bde5d8514cd34674a78b0818cee98f2a3d67847412b"
"tests/test_summary.tsv","1364","67e62cbfc766034324ad5a4fc409d983bae6e70a71d5a01fdf70258c6589e5e8"
"tests/test_T2_high_definition.R","599","e4d319e5a514acea06a672dbf3579da846f9e21eb005c3ee47547207a427e8a0"
