"Package","Version","Priority","Built"
"abind","1.4-5",NA,"4.2.0"
"affy","1.76.0",NA,"4.2.1"
"affyio","1.68.0",NA,"4.2.1"
"annotate","1.76.0",NA,"4.2.1"
"AnnotationDbi","1.60.2",NA,"4.2.2"
"ape","5.8-1",NA,"4.2.3"
"aplot","0.3.0",NA,"4.2.3"
"arrangements","1.1.9",NA,"4.2.3"
"arrayhelpers","1.1-0",NA,"4.2.3"
"askpass","1.1",NA,"4.2.3"
"assertthat","0.2.1",NA,"4.2.3"
"backports","1.4.1",NA,"4.2.0"
"base.rms","1.0",NA,"4.2.3"
"base64","2.0.1",NA,"4.2.3"
"base64enc","0.1-3",NA,"4.2.0"
"bayestestR","0.13.1",NA,"4.2.3"
"bdsmatrix","1.3-7",NA,"4.2.3"
"beachmat","2.14.2",NA,"4.2.3"
"BH","1.81.0-1",NA,"4.2.2"
"Biobase","2.58.0",NA,"4.2.1"
"BiocGenerics","0.44.0",NA,"4.2.1"
"BiocManager","1.30.22",NA,"4.2.3"
"BiocParallel","1.32.6",NA,"4.2.2"
"BiocSingular","1.14.0",NA,"4.2.1"
"BiocVersion","3.16.0",NA,"4.2.0"
"Biostrings","2.66.0",NA,"4.2.1"
"bit","4.0.5",NA,"4.2.3"
"bit64","4.0.5",NA,"4.2.3"
"bitops","1.0-7",NA,"4.2.0"
"blob","1.2.4",NA,"4.2.3"
"brew","1.0-10",NA,"4.2.3"
"brio","1.1.5",NA,"4.2.3"
"broom","1.0.4",NA,"4.2.3"
"bslib","0.4.2",NA,"4.2.3"
"BWStest","0.2.3",NA,"4.2.3"
"cachem","1.0.8",NA,"4.2.3"
"callr","3.7.3",NA,"4.2.3"
"car","3.1-2",NA,"4.2.3"
"carData","3.0-5",NA,"4.2.3"
"cellranger","1.1.0",NA,"4.2.3"
"checkmate","2.2.0",NA,"4.2.3"
"cli","3.6.1",NA,"4.2.3"
"clipr","0.8.0",NA,"4.2.3"
"clusterProfiler","4.6.2",NA,"4.2.2"
"coefplot","1.2.8",NA,"4.2.3"
"collapse","1.9.5",NA,"4.2.3"
"colorspace","2.1-0",NA,"4.2.3"
"commonmark","1.9.0",NA,"4.2.3"
"CompQuadForm","1.4.3",NA,"4.2.0"
"conflicted","1.2.0",NA,"4.2.3"
"corpcor","1.6.10",NA,"4.2.0"
"corrgram","1.14",NA,"4.2.3"
"corrplot","0.92",NA,"4.2.3"
"cowplot","1.1.1",NA,"4.2.3"
"cpp11","0.5.5",NA,"4.2.3"
"crayon","1.5.2",NA,"4.2.3"
"credentials","1.3.2",NA,"4.2.3"
"crosstalk","1.2.0",NA,"4.2.3"
"curl","5.0.0",NA,"4.2.3"
"data.table","1.14.8",NA,"4.2.3"
"datasets.load","2.3.0",NA,"4.2.3"
"datawizard","0.7.1",NA,"4.2.3"
"DBI","1.2.2",NA,"4.2.3"
"dbplyr","2.3.2",NA,"4.2.3"
"DelayedArray","0.24.0",NA,"4.2.3"
"DelayedMatrixStats","1.20.0",NA,"4.2.1"
"DEoptimR","1.0-13",NA,"4.2.3"
"desc","1.4.3",NA,"4.2.3"
"DescTools","0.99.48",NA,"4.2.3"
"DESeq2","1.38.3",NA,"4.2.2"
"devtools","2.4.5",NA,"4.2.3"
"diffobj","0.3.5",NA,"4.2.3"
"digest","0.6.31",NA,"4.2.3"
"do","2.0.0.0",NA,"4.2.3"
"doRNG","1.8.6",NA,"4.2.3"
"DOSE","3.24.2",NA,"4.2.2"
"downlit","0.4.3",NA,"4.2.3"
"downloader","0.4.1",NA,"4.2.3"
"dplyr","1.1.2",NA,"4.2.3"
"DT","0.27",NA,"4.2.3"
"dtplyr","1.3.1",NA,"4.2.3"
"dygraphs","1.1.1.6",NA,"4.2.3"
"e1071","1.7-13",NA,"4.2.3"
"edmcr","0.2.0",NA,"4.2.3"
"effectsize","0.8.3",NA,"4.2.3"
"ellipse","0.5.0",NA,"4.2.3"
"ellipsis","0.3.2",NA,"4.2.3"
"emmeans","1.8.5",NA,"4.2.3"
"enrichplot","1.18.4",NA,"4.2.3"
"epiDisplay","3.5.0.2",NA,"4.2.3"
"estimability","1.4.1",NA,"4.2.1"
"evaluate","0.21",NA,"4.2.3"
"Exact","3.2",NA,"4.2.1"
"expm","0.999-7",NA,"4.2.3"
"fansi","1.0.4",NA,"4.2.3"
"farver","2.1.1",NA,"4.2.3"
"fastmap","1.1.1",NA,"4.2.3"
"fastmatch","1.1-8",NA,"4.2.3"
"fgsea","1.24.0",NA,"4.2.1"
"fit.models","0.64",NA,"4.2.3"
"fontawesome","0.5.1",NA,"4.2.3"
"fontBitstreamVera","0.1.1",NA,"4.2.0"
"fontLiberation","0.1.0",NA,"4.2.0"
"fontquiver","0.2.1",NA,"4.2.3"
"forcats","1.0.0",NA,"4.2.3"
"foreach","1.5.2",NA,"4.2.3"
"foreign","0.8-86","recommended","4.2.3"
"formatR","1.14",NA,"4.2.3"
"Formula","1.2-5",NA,"4.2.2"
"fs","1.6.2",NA,"4.2.3"
"futile.logger","1.4.9",NA,"4.2.3"
"futile.options","1.0.1",NA,"4.2.0"
"gargle","1.4.0",NA,"4.2.3"
"gcrma","2.70.0",NA,"4.2.1"
"gdtools","0.5.1",NA,"4.2.3"
"genefilter","1.80.3",NA,"4.2.2"
"geneplotter","1.76.0",NA,"4.2.1"
"generics","0.1.3",NA,"4.2.3"
"GenomeInfoDb","1.34.9",NA,"4.2.2"
"GenomeInfoDbData","1.2.9",NA,"4.2.3"
"GenomicRanges","1.50.2",NA,"4.2.2"
"gert","1.9.2",NA,"4.2.3"
"GGally","2.1.2",NA,"4.2.3"
"gganimate","1.0.8",NA,"4.2.3"
"ggeffects","1.2.2",NA,"4.2.3"
"ggforce","0.5.0",NA,"4.2.3"
"ggfun","0.2.0",NA,"4.2.3"
"ggiraph","0.9.6",NA,"4.2.3"
"ggm","2.5",NA,"4.2.3"
"ggnewscale","0.5.2",NA,"4.2.3"
"ggplot2","4.0.3",NA,"4.2.3"
"ggplotify","0.1.3",NA,"4.2.3"
"ggpubr","0.6.0",NA,"4.2.3"
"ggraph","2.2.2",NA,"4.2.3"
"ggrepel","0.9.3",NA,"4.2.3"
"ggsci","3.0.0",NA,"4.2.3"
"ggsignif","0.6.4",NA,"4.2.3"
"ggtree","3.6.2",NA,"4.2.2"
"gh","1.4.0",NA,"4.2.3"
"gitcreds","0.1.2",NA,"4.2.3"
"glassoFast","1.0.1",NA,"4.2.3"
"gld","2.6.6",NA,"4.2.3"
"glmnet","4.1-7",NA,"4.2.3"
"glue","1.6.2",NA,"4.2.3"
"gmp","0.7-1",NA,"4.2.3"
"GO.db","3.16.0",NA,"4.2.3"
"googleAuthR","2.0.1",NA,"4.2.3"
"googledrive","2.1.0",NA,"4.2.3"
"googlesheets4","1.1.0",NA,"4.2.3"
"GOSemSim","2.24.0",NA,"4.2.1"
"graph","1.76.0",NA,"4.2.1"
"graphicalExtremes","0.2.0",NA,"4.2.3"
"graphlayouts","1.2.4",NA,"4.2.3"
"gridExtra","2.3",NA,"4.2.3"
"gridGraphics","0.5-1",NA,"4.2.3"
"GSEABase","1.60.0",NA,"4.2.1"
"gson","0.1.0",NA,"4.2.3"
"GSVA","1.46.0",NA,"4.2.1"
"gtable","0.3.6",NA,"4.2.3"
"gvlma","1.0.0.3",NA,"4.2.0"
"haven","2.5.2",NA,"4.2.3"
"HDF5Array","1.26.0",NA,"4.2.1"
"HDO.db","0.99.1",NA,"4.2.3"
"hgu133acdf","2.18.0",NA,"4.2.3"
"hgu133aprobe","2.18.0",NA,"4.2.3"
"highr","0.10",NA,"4.2.3"
"Hmisc","5.0-1",NA,"4.2.3"
"hms","1.1.3",NA,"4.2.3"
"htmlTable","2.4.1",NA,"4.2.3"
"htmltools","0.5.9",NA,"4.2.3"
"htmlwidgets","1.6.4",NA,"4.2.3"
"httpuv","1.6.9",NA,"4.2.3"
"httr","1.4.5",NA,"4.2.3"
"httr2","0.2.2",NA,"4.2.3"
"ids","1.0.1",NA,"4.2.3"
"ieugwasr","0.1.5",NA,"4.2.3"
"igraph","2.3.2",NA,"4.2.3"
"ini","0.3.1",NA,"4.2.3"
"insight","0.19.1",NA,"4.2.3"
"IRanges","2.32.0",NA,"4.2.1"
"irlba","2.3.7",NA,"4.2.3"
"isoband","0.2.7",NA,"4.2.3"
"ISwR","2.0-8",NA,"4.2.3"
"iterators","1.0.14",NA,"4.2.3"
"iterpc","0.4.2",NA,"4.2.3"
"itertools","0.1-3",NA,"4.2.3"
"jquerylib","0.1.4",NA,"4.2.3"
"jsonlite","1.8.4",NA,"4.2.3"
"kableExtra","1.4.0",NA,"4.2.3"
"KEGGREST","1.38.0",NA,"4.2.1"
"knitr","1.42",NA,"4.2.3"
"kSamples","1.2-9",NA,"4.2.3"
"labeling","0.4.3",NA,"4.2.3"
"laeken","0.5.3",NA,"4.2.3"
"lambda.r","1.2.4",NA,"4.2.3"
"later","1.3.1",NA,"4.2.3"
"lazyeval","0.2.2",NA,"4.2.3"
"lbfgs","1.2.1.2",NA,"4.2.3"
"lifecycle","1.0.3",NA,"4.2.3"
"limma","3.54.2",NA,"4.2.2"
"linprog","0.9-4",NA,"4.2.2"
"lme4","1.1-33",NA,"4.2.3"
"lmom","2.9",NA,"4.2.0"
"lmtest","0.9-40",NA,"4.2.3"
"locfit","1.5-9.12",NA,"4.2.3"
"lpSolve","5.6.18",NA,"4.2.2"
"lubridate","1.9.2",NA,"4.2.3"
"magrittr","2.0.3",NA,"4.2.3"
"mathjaxr","1.6-0",NA,"4.2.3"
"MatrixGenerics","1.10.0",NA,"4.2.1"
"MatrixModels","0.5-1",NA,"4.2.3"
"matrixStats","0.63.0",NA,"4.2.3"
"matrixStats_backup_1.5.0_20260704_091037","1.5.0",NA,"4.2.3"
"maxLik","1.5-2",NA,"4.2.0"
"mclust","6.1.2",NA,"4.2.3"
"memoise","2.0.1",NA,"4.2.3"
"MendelianRandomization","0.10.0",NA,"4.2.3"
"meta","6.5-0",NA,"4.2.3"
"metadat","1.2-0",NA,"4.2.3"
"metafor","4.4-0",NA,"4.2.3"
"mime","0.12",NA,"4.2.0"
"miniUI","0.1.1.1",NA,"4.2.3"
"minqa","1.2.5",NA,"4.2.3"
"miscTools","0.6-28",NA,"4.2.3"
"missForest","1.5",NA,"4.2.3"
"mnormt","2.1.1",NA,"4.2.1"
"modelr","0.1.11",NA,"4.2.3"
"mr.raps","0.2",NA,"4.2.0"
"MRMix","0.1.0",NA,"4.2.3"
"MRPRESSO","1.0",NA,"4.2.3"
"multcomp","1.4-23",NA,"4.2.3"
"multcompView","0.1-9",NA,"4.2.3"
"munsell","0.5.1",NA,"4.2.3"
"mvtnorm","1.1-3",NA,"4.2.0"
"nloptr","2.0.3",NA,"4.2.3"
"nnet","7.3-19","recommended","4.2.3"
"nortest","1.0-4",NA,"4.2.0"
"numDeriv","2016.8-1.1",NA,"4.2.0"
"openssl","2.0.6",NA,"4.2.3"
"openxlsx","4.2.5.2",NA,"4.2.3"
"org.Hs.eg.db","3.16.0",NA,"4.2.3"
"osqp","0.6.0.8",NA,"4.2.3"
"palmerpenguins","0.1.1",NA,"4.2.3"
"parameters","0.21.0",NA,"4.2.3"
"patchwork","1.1.2",NA,"4.2.3"
"pbapply","1.7-2",NA,"4.2.3"
"pbkrtest","0.5.2",NA,"4.2.3"
"pcaPP","2.0-3",NA,"4.2.3"
"performance","0.10.3",NA,"4.2.3"
"permute","0.9-7",NA,"4.2.3"
"pheatmap","1.0.13",NA,"4.2.3"
"pillar","1.9.0",NA,"4.2.3"
"pkgbuild","1.4.3",NA,"4.2.3"
"pkgconfig","2.0.3",NA,"4.2.3"
"pkgdown","2.0.7",NA,"4.2.3"
"pkgload","1.3.2",NA,"4.2.3"
"plm","2.6-3",NA,"4.2.3"
"plogr","0.2.0",NA,"4.2.3"
"plotly","4.10.1",NA,"4.2.3"
"plotrix","3.8-2",NA,"4.2.0"
"plyr","1.8.9",NA,"4.2.3"
"PMCMRplus","1.9.6",NA,"4.2.3"
"png","0.1-8",NA,"4.2.2"
"polspline","1.1.22",NA,"4.2.2"
"polyclip","1.10-7",NA,"4.2.3"
"polynom","1.4-1",NA,"4.2.3"
"praise","1.0.0",NA,"4.2.3"
"preprocessCore","1.60.2",NA,"4.2.2"
"prettyunits","1.2.0",NA,"4.2.3"
"pROC","1.18.2",NA,"4.2.3"
"processx","3.8.1",NA,"4.2.3"
"profvis","0.3.8",NA,"4.2.3"
"progress","1.2.3",NA,"4.2.3"
"promises","1.2.0.1",NA,"4.2.3"
"proxy","0.4-27",NA,"4.2.3"
"ps","1.7.5",NA,"4.2.3"
"psych","2.3.3",NA,"4.2.3"
"purrr","1.0.1",NA,"4.2.3"
"quantreg","5.95",NA,"4.2.3"
"qvalue","2.30.0",NA,"4.2.1"
"R6","2.5.1",NA,"4.2.3"
"RadialMR","1.1",NA,"4.2.3"
"ragg","1.2.5",NA,"4.2.3"
"randomForest","4.7-1.1",NA,"4.2.3"
"ranger","0.15.1",NA,"4.2.3"
"rappdirs","0.3.3",NA,"4.2.3"
"rbibutils","2.2.13",NA,"4.2.3"
"rcmdcheck","1.4.0",NA,"4.2.3"
"RColorBrewer","1.1-3",NA,"4.2.0"
"Rcpp","1.1.1-1.1",NA,"4.2.3"
"RcppArmadillo","0.12.6.6.1",NA,"4.2.3"
"RcppEigen","0.3.3.9.3",NA,"4.2.3"
"RCurl","1.98-1.12",NA,"4.2.3"
"Rdpack","2.4",NA,"4.2.3"
"readr","2.1.4",NA,"4.2.3"
"readxl","1.4.2",NA,"4.2.3"
"rematch","2.0.0",NA,"4.2.3"
"rematch2","2.1.2",NA,"4.2.3"
"remotes","2.5.0",NA,"4.2.3"
"reprex","2.0.2",NA,"4.2.3"
"reshape","0.8.9",NA,"4.2.3"
"reshape2","1.4.4",NA,"4.2.3"
"rgl","1.1.3",NA,"4.2.3"
"rhdf5","2.42.1",NA,"4.2.3"
"rhdf5filters","1.10.1",NA,"4.2.3"
"Rhdf5lib","1.20.0",NA,"4.2.1"
"rio","0.5.29",NA,"4.2.3"
"rjson","0.2.21",NA,"4.2.0"
"rlang","1.1.1",NA,"4.2.3"
"rmarkdown","2.21",NA,"4.2.3"
"Rmpfr","0.9-2",NA,"4.2.3"
"rms","6.6-0",NA,"4.2.3"
"rngtools","1.5.2",NA,"4.2.3"
"robust","0.7-1",NA,"4.2.3"
"robustbase","0.95-1",NA,"4.2.3"
"rootSolve","1.8.2.4",NA,"4.2.3"
"roxygen2","7.2.3",NA,"4.2.3"
"rprojroot","2.0.3",NA,"4.2.3"
"rrcov","1.7-2",NA,"4.2.3"
"RSQLite","2.3.6",NA,"4.2.3"
"rstatix","0.7.2",NA,"4.2.3"
"rstudioapi","0.14",NA,"4.2.3"
"rsvd","1.0.5",NA,"4.2.3"
"rversions","2.1.2",NA,"4.2.3"
"rvest","1.0.3",NA,"4.2.3"
"S4Vectors","0.36.2",NA,"4.2.2"
"S7","0.2.2",NA,"4.2.3"
"sandwich","3.0-2",NA,"4.2.3"
"sass","0.4.6",NA,"4.2.3"
"ScaledMatrix","1.6.0",NA,"4.2.1"
"scales","1.4.0",NA,"4.2.3"
"scatterpie","0.2.6",NA,"4.2.3"
"scatterplot3d","0.3-44",NA,"4.2.3"
"sdpt3r","0.3",NA,"4.2.3"
"selectr","0.4-2",NA,"4.2.3"
"sessioninfo","1.2.2",NA,"4.2.3"
"shadowtext","0.1.6",NA,"4.2.3"
"shape","1.4.6.1",NA,"4.2.3"
"shiny","1.7.4",NA,"4.2.3"
"SingleCellExperiment","1.20.1",NA,"4.2.2"
"sjlabelled","1.2.0",NA,"4.2.3"
"sjmisc","2.8.9",NA,"4.2.3"
"sjPlot","2.8.14",NA,"4.2.3"
"sjstats","0.18.2",NA,"4.2.3"
"snow","0.4-4",NA,"4.2.3"
"sourcetools","0.1.7-1",NA,"4.2.3"
"sp","1.6-0",NA,"4.2.3"
"SparseM","1.81",NA,"4.2.0"
"sparseMatrixStats","1.10.0",NA,"4.2.1"
"stargazer","5.2.3",NA,"4.2.0"
"statmod","1.5.0",NA,"4.2.3"
"stringdist","0.9.10",NA,"4.2.2"
"stringi","1.7.12",NA,"4.2.2"
"stringr","1.5.0",NA,"4.2.3"
"SummarizedExperiment","1.28.0",NA,"4.2.1"
"SuppDists","1.1-9.7",NA,"4.2.3"
"survival","3.5-5","recommended","4.2.3"
"svglite","2.1.1",NA,"4.2.3"
"svUnit","1.0.6",NA,"4.2.3"
"sys","3.4.1",NA,"4.2.3"
"systemfonts","1.3.2",NA,"4.2.3"
"testthat","3.1.8",NA,"4.2.3"
"textshaping","0.3.6",NA,"4.2.3"
"TH.data","1.1-2",NA,"4.2.3"
"tibble","3.2.1",NA,"4.2.3"
"tidygraph","1.3.1",NA,"4.2.3"
"tidyr","1.3.0",NA,"4.2.3"
"tidyselect","1.2.1",NA,"4.2.3"
"tidytree","0.4.7",NA,"4.2.3"
"tidyverse","2.0.0",NA,"4.2.3"
"timechange","0.2.0",NA,"4.2.3"
"tinytex","0.45",NA,"4.2.3"
"tmcn","0.2-13",NA,"4.2.3"
"transformr","0.1.5",NA,"4.2.3"
"treeio","1.22.0",NA,"4.2.1"
"truncnorm","1.0-9",NA,"4.2.3"
"tweenr","2.0.3",NA,"4.2.3"
"TwoSampleMR","0.5.8",NA,"4.2.3"
"tzdb","0.3.0",NA,"4.2.3"
"urlchecker","1.0.1",NA,"4.2.3"
"useful","1.2.6",NA,"4.2.3"
"usethis","2.2.2",NA,"4.2.3"
"utf8","1.2.3",NA,"4.2.3"
"utilsIPEA","0.0.6",NA,"4.2.3"
"uuid","1.1-0",NA,"4.2.0"
"vcd","1.4-11",NA,"4.2.3"
"vctrs","0.6.2",NA,"4.2.3"
"vegan","2.6-4",NA,"4.2.3"
"VGAM","1.1-8",NA,"4.2.3"
"VIM","6.2.2",NA,"4.2.3"
"viridis","0.6.5",NA,"4.2.3"
"viridisLite","0.4.2",NA,"4.2.3"
"vroom","1.6.3",NA,"4.2.3"
"waldo","0.5.0",NA,"4.2.3"
"webshot","0.5.5",NA,"4.2.3"
"whisker","0.4.1",NA,"4.2.3"
"withr","2.5.0",NA,"4.2.3"
"wordcloud2","0.2.1",NA,"4.2.3"
"xfun","0.39",NA,"4.2.3"
"XML","3.99-0.23",NA,"4.2.3"
"xml2","1.3.4",NA,"4.2.3"
"xopen","1.0.1",NA,"4.2.3"
"xtable","1.8-4",NA,"4.2.3"
"xts","0.13.1",NA,"4.2.3"
"XVector","0.38.0",NA,"4.2.1"
"yaml","2.3.7",NA,"4.2.3"
"yulab.utils","0.2.4",NA,"4.2.3"
"zip","2.3.0",NA,"4.2.3"
"zlibbioc","1.44.0",NA,"4.2.1"
"zoo","1.8-12",NA,"4.2.3"
"base","4.2.3","base","4.2.3"
"boot","1.3-28.1","recommended","4.2.3"
"class","7.3-21","recommended","4.2.3"
"cluster","2.1.4","recommended","4.2.3"
"codetools","0.2-19","recommended","4.2.3"
"compiler","4.2.3","base","4.2.3"
"datasets","4.2.3","base","4.2.3"
"foreign","0.8-84","recommended","4.2.3"
"graphics","4.2.3","base","4.2.3"
"grDevices","4.2.3","base","4.2.3"
"grid","4.2.3","base","4.2.3"
"KernSmooth","2.23-20","recommended","4.2.3"
"lattice","0.20-45","recommended","4.2.3"
"MASS","7.3-58.2","recommended","4.2.3"
"Matrix","1.5-3","recommended","4.2.3"
"methods","4.2.3","base","4.2.3"
"mgcv","1.8-42","recommended","4.2.3"
"nlme","3.1-162","recommended","4.2.3"
"nnet","7.3-18","recommended","4.2.3"
"parallel","4.2.3","base","4.2.3"
"rpart","4.1.19","recommended","4.2.3"
"spatial","7.3-16","recommended","4.2.3"
"splines","4.2.3","base","4.2.3"
"stats","4.2.3","base","4.2.3"
"stats4","4.2.3","base","4.2.3"
"survival","3.5-3","recommended","4.2.3"
"tcltk","4.2.3","base","4.2.3"
"tools","4.2.3","base","4.2.3"
"translations","4.2.3",NA,"4.2.3"
"utils","4.2.3","base","4.2.3"
