sample_id,CST1_z,CLCA1_z,SERPINB2_z,T2_score,T2_median,molecular_T2_status
HR1005,0.748300481526825,1.02389549147763,-0.0327339544501826,0.579820672851423,0.00414386701393426,high
HR1006,1.31658392541614,2.02256647311157,1.98904509508557,1.77606516453776,0.00414386701393426,high
HR1009,1.21099521688168,1.2764139349516,0.907956682851039,1.13178861156144,0.00414386701393426,high
HR1010,1.12267651771288,1.07963639538412,2.01174319770267,1.40468537026656,0.00414386701393426,high
HR1012,0.22926934137128,-0.497574838136134,-0.68095583670062,-0.316420444488491,0.00414386701393426,low
HR1016,0.959343337414548,0.593215217453144,-0.0405416244302256,0.504005643479156,0.00414386701393426,high
HR1038,1.18383541719936,2.49145265125093,2.27700406117703,1.98409737654244,0.00414386701393426,high
HR1046,0.595832109738116,0.835936914667987,1.42395390184711,0.951907642084405,0.00414386701393426,high
HR1065,-1.20969993076405,-1.03471939667274,-2.02252136305132,-1.42231356349603,0.00414386701393426,low
HR1082,1.14789152347411,2.11937724880568,1.52439651716645,1.59722176314875,0.00414386701393426,high
HR1089,0.487517060842358,-0.458788659495067,1.30650233243036,0.445076911259218,0.00414386701393426,high
HR1100,1.1520975559168,2.0107108254698,1.75215224674989,1.63832020937883,0.00414386701393426,high
HR1111,0.687671919852158,0.109263351361943,0.469953388635327,0.422296219949809,0.00414386701393426,high
HR1112,-1.07320662709993,-0.892517527329152,-0.82163019935928,-0.929118117929453,0.00414386701393426,low
HR1114,0.0851055577247458,-0.63048054890786,-0.159564806512579,-0.234979932565231,0.00414386701393426,low
HR1115,0.887947901747615,1.14791501760331,0.335222603995569,0.790361841115499,0.00414386701393426,high
HR1117,-0.307105990045119,-0.903972918928023,-0.148308519663365,-0.453129142878836,0.00414386701393426,low
HR1124,-0.346548990570485,0.00364061109441045,-0.442373818288319,-0.261760732588131,0.00414386701393426,low
HR1149,0.62249159738221,0.785688377731426,-0.277839445325486,0.37678017659605,0.00414386701393426,high
HR1156,0.531709388788261,-0.651617290213932,-0.169089882345192,-0.0963325945902876,0.00414386701393426,low
HR1159,0.867082705530864,0.889343893793073,0.372267858356987,0.709564819226975,0.00414386701393426,high
HR1160,-1.12640773090806,-0.877394941052706,0.212000883573133,-0.597267262795878,0.00414386701393426,low
HR1168,-0.180739858086251,-0.877868962974466,-0.393359737762172,-0.48398951960763,0.00414386701393426,low
HR1169,0.684575044638961,0.85283207123263,1.25209775172119,0.929834955864261,0.00414386701393426,high
HR1170,0.812089345184398,0.276203945858043,0.16418332748791,0.417492206176784,0.00414386701393426,high
HR1171,-0.721123399886437,-1.03471939667274,-0.777412415309819,-0.844418403956332,0.00414386701393426,low
HR1173,-1.19449714133301,-0.901517191766932,-0.463033885152867,-0.853016072750936,0.00414386701393426,low
HR1179,1.24071640685021,1.5728741515811,1.81572984803577,1.5431068021557,0.00414386701393426,high
HR1180,-1.14297714381607,-1.03471939667274,-1.81008567840582,-1.32926073963154,0.00414386701393426,low
HR1181,0.591404705232949,-0.118346772649401,-0.354908237404142,0.0393832317264688,0.00414386701393426,high
HR1182,1.09690217249084,1.71619869415057,1.68036160753303,1.49782082472481,0.00414386701393426,high
HR1184,0.986060754001752,1.18818168366448,-0.115608621537809,0.686211272042809,0.00414386701393426,high
HR1186,-1.41396976583018,-1.03471939667274,-0.724051527773997,-1.0575802300923,0.00414386701393426,low
HR1188,1.02943420484675,0.224549421134993,0.288932183659058,0.514305269880267,0.00414386701393426,high
HR1191,1.22740128776571,1.47408297652394,0.709072647919633,1.13685230406976,0.00414386701393426,high
HR1192,0.964826024383466,0.320722502897986,1.28089389366194,0.855480806981132,0.00414386701393426,high
HR1193,0.435653076842067,-0.370559560955735,-0.18554002199011,-0.0401488353679258,0.00414386701393426,low
HR1195,0.955153806296059,0.816943837249979,0.461821273531765,0.744639639025934,0.00414386701393426,high
HR1197,-0.128341843189918,-0.271844879477701,0.142860194818498,-0.0857755092830405,0.00414386701393426,low
HR1200,-1.33073513547053,-1.03471939667274,0.0623581700094738,-0.767698787377932,0.00414386701393426,low
HR1204,0.606979697960283,0.0345971086135003,0.102707281181672,0.248094695918485,0.00414386701393426,high
HR1206,-1.21361484154999,-1.03471939667274,-0.905436606298236,-1.05125694817365,0.00414386701393426,low
HR1207,0.0626455662322723,-0.633660752526648,-1.09985148848679,-0.556955558260388,0.00414386701393426,low
HR1208,-0.79364090526393,-0.888329307543007,0.136423967219843,-0.515182081862365,0.00414386701393426,low
HR1210,1.25289131034544,1.92321147086297,0.725578146243987,1.3005603091508,0.00414386701393426,high
HR1212,-1.16481084975293,-1.03471939667274,-0.0271224823054723,-0.742217576243714,0.00414386701393426,low
HR1213,1.30763972956613,1.18292004191139,1.46397790466837,1.31817922538196,0.00414386701393426,high
HR1214,0.913238602184671,0.908498552858577,0.480888658554225,0.767541937865824,0.00414386701393426,high
HR1216,0.999981334971782,0.613089553848732,-0.70093247820801,0.304046136870835,0.00414386701393426,high
HR1218,1.35066924968693,2.29395013213879,2.80607573015932,2.15023170399501,0.00414386701393426,high
HR1219,0.232250916699805,0.7862701043423,1.21897265114496,0.745831224062357,0.00414386701393426,high
HR1221,1.34135905298573,1.67920602853663,0.934054026342195,1.31820636928819,0.00414386701393426,high
HR1223,-0.512847311169027,-0.625234666144384,-1.78391417417282,-0.973998717162076,0.00414386701393426,low
HR1226,0.677639298066644,0.422230581484809,-0.228628204379826,0.290413891723876,0.00414386701393426,high
HR1227,-1.17778733945528,-1.03471939667274,-0.0163282096550902,-0.742944981927704,0.00414386701393426,low
HR1229,-0.642734424470758,-0.803596943690138,-1.18078442293659,-0.875705263699161,0.00414386701393426,low
HR1230,1.16928094398408,1.73098844908933,0.0536464033033851,0.984638598792265,0.00414386701393426,high
HR1232,0.536412610978235,0.081357183712527,1.24920007617017,0.622323290286977,0.00414386701393426,high
HR1234,-1.15972594299728,-0.892307385348851,-1.31052507857305,-1.12085280230639,0.00414386701393426,low
HR1235,-0.989522396449481,-1.03471939667274,-0.646056384939913,-0.890099392687378,0.00414386701393426,low
HR1236,1.27176829995306,1.98639991579608,1.67927476994176,1.64581432856363,0.00414386701393426,high
HR1239,0.684644603987664,-0.335070767637706,-2.59288413021751,-0.747770097955851,0.00414386701393426,low
HR1240,1.17875977157239,1.3558099953918,1.04332364091022,1.19263113595814,0.00414386701393426,high
HR1244,0.632721650832764,0.447078027788478,0.195332590805841,0.425044089809028,0.00414386701393426,high
HR1245,-1.1130210550255,-1.03471939667274,-0.300553445792812,-0.816097965830351,0.00414386701393426,low
HR1248,0.887501445787926,0.614666295668647,0.598275556110244,0.700147765855606,0.00414386701393426,high
HR1250,0.112095219560337,-0.718771050995474,-0.0605308828397975,-0.222402238091645,0.00414386701393426,low
HR1252,1.1732392757739,1.91508301785913,1.79700215511801,1.62844148291701,0.00414386701393426,high
HR1259,1.25545834116895,1.40665771377774,1.92167804417046,1.52793136637238,0.00414386701393426,high
HR1260,0.731695342120879,1.16327358591696,0.696876693101868,0.863948540379902,0.00414386701393426,high
HR1262,1.38150763791576,1.92394305704472,2.29548385534275,1.86697818343441,0.00414386701393426,high
HR1269,0.66863906040338,0.0818270916195437,0.49977797467131,0.416748042231411,0.00414386701393426,high
HR1272,-0.705296001493019,-1.03471939667274,-0.194972276356272,-0.644995891507343,0.00414386701393426,low
HR1273,1.07569499847105,2.0366891948155,0.952985839917112,1.35512334440122,0.00414386701393426,high
HR1277,-0.964524862134378,-0.867950530320645,-0.975812054550565,-0.936095815668529,0.00414386701393426,low
HR1283,-0.0439319479916778,-0.717692963559713,-0.401414937390957,-0.387679949647449,0.00414386701393426,low
HR1286,-1.29441595525221,-0.898774075362421,-1.34284064610218,-1.17867689223894,0.00414386701393426,low
HR1287,-1.31147065794134,-0.925315682704037,-1.07322358412938,-1.10333664159158,0.00414386701393426,low
HR1288,0.833318725741751,-0.104692536508855,-0.128268330456196,0.2001192862589,0.00414386701393426,high
HR1289,0.609738680543045,0.363881340077657,-0.310259903857858,0.221120038920948,0.00414386701393426,high
HR1292,0.757992182933627,1.03778125139342,1.17416951664853,0.989980983658527,0.00414386701393426,high
HR1295,0.530265683188049,-0.204168851970952,0.642343616365629,0.322813482527575,0.00414386701393426,high
HR1298,-1.41275032891096,-1.03471939667274,-1.51092750702625,-1.31946574420332,0.00414386701393426,low
HR1300,0.785126390315655,1.09202062399376,0.668112427668054,0.848419813992491,0.00414386701393426,high
HR1302,0.415872532202326,1.0211147684113,0.428382326036716,0.621789875550113,0.00414386701393426,high
HR1308,0.632243533684879,0.857476536496285,1.16638698393792,0.885369018039695,0.00414386701393426,high
HR1309,0.52361330234131,-0.813585896546804,0.537791968872095,0.0826064582222005,0.00414386701393426,high
HR1310,-1.51627765198344,-1.03471939667274,-1.23920423420257,-1.26340042761959,0.00414386701393426,low
HR1315,-1.31699115478567,-0.880306071454223,-0.768787424731302,-0.988694883657066,0.00414386701393426,low
HR1316,1.10865502571357,1.23056281469196,1.21887820883827,1.1860320164146,0.00414386701393426,high
HR1319,0.457844815175556,0.567452114702354,0.122685331602983,0.382660753826964,0.00414386701393426,high
HR1320,1.27032148156732,1.89585450936722,1.57278645474567,1.57965414856007,0.00414386701393426,high
HR1363,-1.02828050232602,-0.912454036105147,-0.45913754408992,-0.799957360840363,0.00414386701393426,low
HR1365,0.809006327867296,1.00499173367026,-0.33100013077213,0.494332643588477,0.00414386701393426,high
HR1369,0.766822635376874,0.393540535939291,0.10535583968269,0.421906336999618,0.00414386701393426,high
HR1373,0.950375043154007,0.848993506932247,0.427112115054695,0.74216022171365,0.00414386701393426,high
HR1377,0.712132044058956,0.753673176766158,0.318270133723895,0.59469178484967,0.00414386701393426,high
HR1379,0.970055368039668,1.234003222966,0.409325632275693,0.871128074427121,0.00414386701393426,high
HR1381,1.17865063216915,2.36663421829282,1.51536910870684,1.68688465305627,0.00414386701393426,high
HR1382,1.06178197568432,1.92819324533448,1.11224814732979,1.36740778944953,0.00414386701393426,high
HR1383,0.516692954061193,-0.0493748212920887,-0.0916514346882897,0.125222232693605,0.00414386701393426,high
HR1384,-1.14300165358894,-1.03471939667274,-0.45089440341252,-0.876205151224733,0.00414386701393426,low
HR1386,-1.3880435852401,-0.882566295813004,-0.650422927987329,-0.973677603013478,0.00414386701393426,low
HR1387,-0.60940241314139,-0.868470256498406,-1.07266524558096,-0.850179305073584,0.00414386701393426,low
HR1389,0.206277282448761,-0.0142974224841339,-0.455512440147912,-0.0878441933944284,0.00414386701393426,low
HR1390,-1.20954175799051,-0.879583895281564,0.140457706445397,-0.649555982275558,0.00414386701393426,low
HR1391,1.15926972091613,1.05235510242178,1.32808902954198,1.17990461762663,0.00414386701393426,high
HR1392,-0.672167729301719,-0.841400612115346,-0.358476694326851,-0.624015011914639,0.00414386701393426,low
HR1393,0.915454232802857,0.831880732874096,0.167655074129823,0.638330013268926,0.00414386701393426,high
HR1394,1.14591922029671,1.15367321909783,0.919991677479949,1.07319470562483,0.00414386701393426,high
HR1395,0.981987199803948,0.494843403547869,-0.565342220826765,0.303829460841684,0.00414386701393426,high
HR1396,0.0313228367079026,-0.661868000947106,-0.770966564441264,-0.467170576226823,0.00414386701393426,low
HR1398,1.23348713169693,1.70447711595843,1.01389710583863,1.31728711783133,0.00414386701393426,high
HR1400,1.16668014269818,1.42082308888408,0.699906190926443,1.09580314083623,0.00414386701393426,high
HR1401,0.987939857870259,0.391719602827534,-1.54330523828426,-0.0545485925288232,0.00414386701393426,low
HR1402,0.71917840646995,0.464074245468137,-0.420339944974741,0.254304235654449,0.00414386701393426,high
HR1403,-1.18553360635587,-1.03471939667274,-0.435743676145972,-0.885332226391527,0.00414386701393426,low
HR1405,-0.00864176159525819,0.118887584774092,-0.47231763410817,-0.120690603643112,0.00414386701393426,low
HR1406,0.582644576782126,-0.496014042870294,-1.59289717719148,-0.502088881093215,0.00414386701393426,low
HR1407,-1.15685590426467,-0.889531698743349,-0.20226783299709,-0.749551812001703,0.00414386701393426,low
HR1408,0.102378321098149,-0.708334246564015,-0.887179213467276,-0.497711712977714,0.00414386701393426,low
HR1411,1.41187279877299,1.95008740660574,2.4105435768088,1.92416792739584,0.00414386701393426,high
HR1413,-1.41107321241639,-1.03471939667274,-1.23565449172647,-1.2271490336052,0.00414386701393426,low
HR1414,0.891104912982206,0.299526874728298,-0.111731306184267,0.359633493842079,0.00414386701393426,high
HR1415,-1.49027377872832,-1.03471939667274,0.0209756886145406,-0.834672495595506,0.00414386701393426,low
HR1416,0.621263665072895,-0.221205332686678,0.153515974944943,0.184524769110387,0.00414386701393426,high
HR1421,0.820255572331863,0.666667803790314,0.988475025860138,0.825132800660772,0.00414386701393426,high
HR1422,1.37791787640132,2.04777832018212,1.24483299740438,1.55684306466261,0.00414386701393426,high
HR1424,0.911815467844462,1.45664005225559,1.48611011974183,1.28485521328063,0.00414386701393426,high
HR1425,1.09609836370913,1.19614204970508,-0.325587549380151,0.655550954678018,0.00414386701393426,high
HR1428,0.813574141546459,1.2361933658685,0.136467433361128,0.728744980258694,0.00414386701393426,high
HR1435,1.20827180167353,1.00928704237301,0.937372762254289,1.05164386876694,0.00414386701393426,high
HR1437,0.757018630817712,0.693485865523464,0.583047396330793,0.677850630890656,0.00414386701393426,high
HR1441,1.02804560954023,1.29010531001098,1.4543307845432,1.2574939013648,0.00414386701393426,high
HR1451,-1.14588486897828,-0.73382807561887,0.126986762180067,-0.584242060805695,0.00414386701393426,low
HR1454,0.884208544120228,0.703830755158267,0.617980557052668,0.735339952110388,0.00414386701393426,high
HR1455,0.776678939172633,0.501503430979942,0.723283906888189,0.667155425680255,0.00414386701393426,high
HR1458,-1.22230090786121,-0.863436664508454,-0.713973842292439,-0.933237138220701,0.00414386701393426,low
HR1459,0.349734182888874,0.0891971913049902,0.262256090344034,0.233729154845966,0.00414386701393426,high
HR1460,1.11791436843558,1.12817645851705,0.830507265858575,1.02553269760374,0.00414386701393426,high
HR1461,0.29057456136769,0.166945008590337,-0.439427791148659,0.00603059293645603,0.00414386701393426,high
HR1464,0.288970931358915,0.240263388169639,0.573144480672446,0.367459600067,0.00414386701393426,high
HR1469,0.730559905132213,0.413477883422365,-0.125521344438722,0.339505481371952,0.00414386701393426,high
HR1474,-0.0638547745675194,-0.726118019358588,-0.758633173432644,-0.516201989119584,0.00414386701393426,low
HR1475,0.817108021100065,1.29987627440533,0.922626982063327,1.01320375918957,0.00414386701393426,high
HR1482,-0.131800104314886,-1.03471939667274,-0.338477948448147,-0.501665816478591,0.00414386701393426,low
HR1485,0.449582861711515,-0.205120527042151,0.694224810734678,0.31289571513468,0.00414386701393426,high
HR1487,-1.42598083197143,-0.921797596792672,-1.1414739189337,-1.16308411589926,0.00414386701393426,low
HR1489,0.972101486812585,-0.0124160793661622,0.732248614172284,0.563978007206236,0.00414386701393426,high
HR1490,-1.03826898417269,-1.03471939667274,-1.43727374384834,-1.17008737489792,0.00414386701393426,low
HR1551,0.819125180515578,0.797345759857134,0.712755252925896,0.776408731099536,0.00414386701393426,high
HR1552,-1.19769557320752,-1.03471939667274,0.0828746965154776,-0.716513424454926,0.00414386701393426,low
HR1554,0.860336776148675,0.579523151021493,-0.212848747458716,0.409003726570484,0.00414386701393426,high
HR1600,0.687475606140145,1.17729606229246,1.33986618259003,1.06821261700754,0.00414386701393426,high
HR1601,-1.07907626141708,-0.815037312557129,-1.11870657033214,-1.00427338143545,0.00414386701393426,low
HR1602,-1.16084221991,-1.03471939667274,-0.577605210996097,-0.92438894252628,0.00414386701393426,low
HR1603,0.175112796482563,-0.695041904202162,-0.851397230996621,-0.457108779572073,0.00414386701393426,low
HR1604,0.466773041212075,0.583860965741865,-0.492117117155985,0.186172296599318,0.00414386701393426,high
HR1605,1.03642018822367,0.810907139309217,0.482858251884445,0.776728526472445,0.00414386701393426,high
HR1606,-0.556073846862507,-1.03471939667274,-0.465276400765186,-0.685356548100144,0.00414386701393426,low
HR1607,0.813405835040666,0.746284116113304,-1.00993493016598,0.183251673662665,0.00414386701393426,high
HR1609,-1.03159455810554,-1.03471939667274,-0.531134507087013,-0.865816153955097,0.00414386701393426,low
HR1610,0.998345670090689,1.58449680043662,0.76680704936937,1.11654983996556,0.00414386701393426,high
HR1611,0.399182059609959,0.0693886086999668,0.291744066783665,0.253438245031197,0.00414386701393426,high
HR1612,0.761691224662124,0.404779871455616,-0.190737144316305,0.325244650600478,0.00414386701393426,high
HR1613,1.03493701832233,1.6868432497836,0.919299144638315,1.21369313758142,0.00414386701393426,high
HR1614,0.868685531759893,0.767223835369476,0.502539895540151,0.71281642088984,0.00414386701393426,high
HR1615,0.598882375108231,0.49292981766981,-0.671005745157515,0.140268815873509,0.00414386701393426,high
HR1616,1.26969027832793,1.58807117403353,1.76232630516606,1.54002925250917,0.00414386701393426,high
HR1617,0.836029551682585,0.68298852001458,-0.0820200448256136,0.478999342290517,0.00414386701393426,high
HR1618,-1.25381151449473,-1.03471939667274,-0.427098457182974,-0.905209789450148,0.00414386701393426,low
HR1619,1.17668969497994,1.32215636935072,1.10021807918612,1.19968804783893,0.00414386701393426,high
HR1620,0.77697221068015,-0.193426974279889,0.321045844812021,0.301530360404094,0.00414386701393426,high
HR1621,0.67515965041322,1.17058642126987,0.969278308266791,0.938341459983292,0.00414386701393426,high
HR1622,-1.02636858493547,-0.847657441086326,-1.11428040842904,-0.996102144816943,0.00414386701393426,low
HR1623,-1.23105064644839,-1.03471939667274,0.0313571115692351,-0.744804310517298,0.00414386701393426,low
HR1624,-1.41658281276524,-0.866024060461369,-1.00592645652409,-1.09617777658357,0.00414386701393426,low
HR1625,-0.74189332653822,-1.03471939667274,-0.937770179521857,-0.904794300910939,0.00414386701393426,low
HR1626,1.14184586886393,1.07671230582351,1.16942178299521,1.12932665256088,0.00414386701393426,high
HR1627,1.01121426548558,1.33316815656772,1.01154337734413,1.11864193313248,0.00414386701393426,high
HR1628,-1.49672466574552,-1.03471939667274,-1.509274918025,-1.34690632681442,0.00414386701393426,low
HR1629,1.06924755508,1.55293926194404,1.37955551277452,1.33391410993285,0.00414386701393426,high
HR1630,0.247821966307881,-0.886885563413019,-1.16833355394616,-0.6024657170171,0.00414386701393426,low
HR1631,0.703838737453727,-0.000306645702078415,0.11521003916708,0.272914043639576,0.00414386701393426,high
HR1632,0.94056298163109,0.249391729398411,-0.0337260966244445,0.385409538135019,0.00414386701393426,high
HR1633,0.786087140488275,1.50920510965758,1.46955639253416,1.25494954756001,0.00414386701393426,high
HR1634,-1.20745235405093,-1.03471939667274,-1.77666686368095,-1.33961287146821,0.00414386701393426,low
HR1635,-1.28100045849648,-0.905008493930288,-0.874058033302294,-1.02002232857636,0.00414386701393426,low
HR1636,1.04227188028961,0.774169335450922,1.22481812673463,1.01375311415839,0.00414386701393426,high
HR1637,0.982712871392556,0.347745564571054,-0.455232163226123,0.291742090912496,0.00414386701393426,high
HR1639,-1.52720067637163,-1.03471939667274,-0.771048153918696,-1.11098940898769,0.00414386701393426,low
HR1640,0.638506434280058,-0.567108350780381,0.525349499211339,0.198915860903672,0.00414386701393426,high
HR1641,-1.09135231356811,-0.827074503538504,-1.07533717390064,-0.997921330335751,0.00414386701393426,low
HR1642,-1.19180071689968,-0.921083958043223,-0.639472593563999,-0.917452422835634,0.00414386701393426,low
HR1643,0.992060752433355,1.21338073044233,0.933706748823677,1.04638274389979,0.00414386701393426,high
HR1644,1.42291921177537,1.91698007499013,1.91049756379145,1.75013228351898,0.00414386701393426,high
HR1645,1.21711974181081,1.42746279683661,0.442693159127378,1.02909189925827,0.00414386701393426,high
HR1646,-1.40999929379643,-0.812864427766711,-0.941794467523786,-1.05488606302898,0.00414386701393426,low
HR1647,1.00875406201418,0.958102415653968,1.82834333336389,1.26506660367735,0.00414386701393426,high
HR1649,0.879149938859422,0.303745886359032,0.113258429356299,0.432051418191584,0.00414386701393426,high
HR1650,0.372705898744698,0.2768097924018,0.159362561511216,0.269626084219238,0.00414386701393426,high
HR1651,-0.862829056157544,-0.757571833730131,-0.0377727080823483,-0.552724532656674,0.00414386701393426,low
HR1652,0.494746635374722,0.140350377084177,-0.0745274289496343,0.186856527836422,0.00414386701393426,high
HR1653,-0.0822361933074981,-0.867325494983892,-0.153293391492528,-0.367618359927973,0.00414386701393426,low
HR1654,1.32535729628031,2.28520784268333,2.20753129410466,1.93936547768943,0.00414386701393426,high
HR1656,0.463866397949496,-0.242855997652544,-0.254495408926452,-0.0111616695431667,0.00414386701393426,low
HR1657,1.50350870545192,2.22578945081963,2.40445243026226,2.04458352884461,0.00414386701393426,high
HR1658,-0.564933219325259,-0.165896620141785,-0.58619194055432,-0.439007260007121,0.00414386701393426,low
HR1659,-1.30615873099568,-1.03471939667274,-1.00804384561737,-1.1163073244286,0.00414386701393426,low
HR1660,0.585180139894612,0.0334330178516199,-0.351205238993524,0.0891359729175692,0.00414386701393426,high
HR1661,0.630734267224406,-0.35882288852554,0.108389018660834,0.1267667991199,0.00414386701393426,high
HR1662,-1.27765744396659,-0.885692041939904,-1.64408725845717,-1.26914558145455,0.00414386701393426,low
HR1663,1.1770439054236,2.07909478963771,1.52556653040504,1.59390174182212,0.00414386701393426,high
HR1664,-1.15935129584313,-1.03471939667274,-1.10246570501495,-1.09884546584361,0.00414386701393426,low
HR1665,1.24115993284179,0.925466788639727,0.984041788004274,1.05022283649526,0.00414386701393426,high
HR1666,0.150858512267032,-0.332474399706527,-0.071634925820387,-0.084416937753294,0.00414386701393426,low
HR1667,-1.00345894558523,-0.885768069768038,-0.834011035620955,-0.907746016991407,0.00414386701393426,low
HR1668,-1.40874798521381,-1.03471939667274,-2.3393291097126,-1.59426549719972,0.00414386701393426,low
HR1669,0.99947720294767,0.39089711004717,1.75137220797245,1.04724884032243,0.00414386701393426,high
HR1670,0.674045941890883,-0.31055634613799,-0.0481846225624091,0.105101657730161,0.00414386701393426,high
HR1671,0.997361543207142,1.07815712695405,1.51664716689999,1.19738861235373,0.00414386701393426,high
HR1672,0.971738034942147,0.705555268650651,0.97945720786327,0.885583503818689,0.00414386701393426,high
HR1673,-1.3922600416666,-0.799278397235756,-0.478290536126965,-0.88994299167644,0.00414386701393426,low
HR1674,1.05705542313645,1.91210041744862,0.701100097372336,1.2234186459858,0.00414386701393426,high
HR1675,-1.20253101221004,-1.03471939667274,-0.447415035592459,-0.894888481491746,0.00414386701393426,low
HR1676,-1.42201773273535,-1.03471939667274,-0.827054437770166,-1.09459718905942,0.00414386701393426,low
HR1677,-1.32505469514395,-0.815093150224016,-0.763754359846053,-0.967967401738006,0.00414386701393426,low
HR1678,0.949969705838229,1.28885110656326,0.995171098032518,1.077997303478,0.00414386701393426,high
HR1679,-1.40945615414138,-1.03471939667274,-0.978411702363518,-1.14086241772588,0.00414386701393426,low
HR1680,0.000426621303823742,-0.877606903245603,-0.942690367372001,-0.60662354977126,0.00414386701393426,low
HR1681,0.497378205762541,0.173551846918463,0.368652104641936,0.346527385774313,0.00414386701393426,high
HR1682,0.488305350391149,-0.778822267969629,-0.755047570392955,-0.348521495990479,0.00414386701393426,low
HR1683,-1.41434970712931,-0.902004925265786,-1.01486165692418,-1.11040542977309,0.00414386701393426,low
HR1684,-1.57200901846611,-0.889512693410195,0.248617153283803,-0.737634852864167,0.00414386701393426,low
HR1686,0.684805063650069,-0.0914495142222781,-0.107614729568492,0.161913606619766,0.00414386701393426,high
HR1687,0.746953155053748,0.893458092945684,-0.844687714376734,0.265241177874233,0.00414386701393426,high
HR1688,0.61532683070833,0.456145095280155,0.0327923749997779,0.368088100329421,0.00414386701393426,high
HR1689,0.875089010632293,0.822435532824962,0.321576673468813,0.673033738975356,0.00414386701393426,high
HR1690,0.163022905376096,-0.770458010006009,-1.18680011856382,-0.598078407731243,0.00414386701393426,low
HR1691,1.2946945801565,1.72051685595534,1.23107029514718,1.41542724375301,0.00414386701393426,high
HR1692,1.09582077624925,1.01697952521136,0.381650536910342,0.831483612790317,0.00414386701393426,high
HR1693,-0.178214305917729,-0.894951777303145,-1.14630367794195,-0.73982325372094,0.00414386701393426,low
HR1695,0.188138096301917,-0.290966392860929,0.138991986765726,0.012054563402238,0.00414386701393426,high
HR1696,-1.39786417801798,-1.03471939667274,-0.0837697523534283,-0.838784442348051,0.00414386701393426,low
HR1697,0.891918802557087,0.529553031256514,-0.366287104551695,0.351728243087302,0.00414386701393426,high
HR1698,0.0662596191173737,0.0850827324306994,0.229307868097895,0.126883406548656,0.00414386701393426,high
HR1699,-1.4139600822742,-1.03471939667274,-0.336774329080645,-0.928484602675862,0.00414386701393426,low
HR1700,0.630985389616043,0.76640159842519,0.249722430256122,0.549036472765785,0.00414386701393426,high
HR1701,-1.55012944222242,-0.897978655478984,-1.47597977531194,-1.30802929100445,0.00414386701393426,low
HR1702,0.509767166171091,0.307119511581359,-0.0504409717527041,0.255481901999915,0.00414386701393426,high
HR1703,1.20631680130709,2.02762628905896,1.97949243301591,1.73781184112732,0.00414386701393426,high
HR1704,0.94314772055196,0.134543281245313,0.589760556730438,0.555817186175904,0.00414386701393426,high
HR1705,0.675405104154542,0.932236921190437,0.457116382590437,0.688252802645138,0.00414386701393426,high
HR1706,0.0972325016302726,0.412972522184352,-0.522914121452748,-0.00423636587937424,0.00414386701393426,low
HR1707,0.901116951187638,0.881042084752812,-0.0673302162891295,0.57160960655044,0.00414386701393426,high
HR1708,0.308695912134675,-0.0878139580494642,0.421972322041516,0.214284758708909,0.00414386701393426,high
HR1709,-1.50531684156194,-1.03471939667274,-1.50566986430597,-1.34856870084689,0.00414386701393426,low
HR1711,0.536363532909797,0.356734075542081,-0.116165165155287,0.258977481098864,0.00414386701393426,high
HR1712,-0.466813941218527,-0.79040668858711,-0.830027904077613,-0.695749511294417,0.00414386701393426,low
HR1713,1.23209724502204,1.93027617034533,1.80897581460799,1.65711640999179,0.00414386701393426,high
HR1714,0.259923327602393,-0.546999772743332,-0.592827960532494,-0.293301468557811,0.00414386701393426,low
HR1715,0.912971185310244,0.106126120027272,0.868802840335383,0.629300048557633,0.00414386701393426,high
HR1716,0.787024666260161,-0.0010957901981155,0.204343415168682,0.330090763743576,0.00414386701393426,high
HR1717,1.05414525744226,1.55410098792202,0.598457226601379,1.06890115732189,0.00414386701393426,high
HR1718,0.710550125038299,-0.0101586902305896,0.240947467634202,0.313779634147304,0.00414386701393426,high
HR1719,1.06480291164014,1.24973275823828,1.80682666203637,1.3737874439716,0.00414386701393426,high
HR1720,-1.25135866182699,-0.894682869724087,-0.432464635626204,-0.859502055725761,0.00414386701393426,low
HR1721,-1.40704647486994,-0.840079212305742,-1.6079297762138,-1.28501848779649,0.00414386701393426,low
HR1722,1.39672104759776,1.72376422356357,2.18978340514994,1.77008955877042,0.00414386701393426,high
HR1723,-0.597611090395959,-1.03471939667274,-1.1334238740484,-0.921918120372367,0.00414386701393426,low
HR1724,0.533149438706211,0.415144412594933,-1.10788196069623,-0.0531960364650278,0.00414386701393426,low
HR1725,-1.47921779008859,-1.03471939667274,-1.64114590986566,-1.38502769887566,0.00414386701393426,low
HR1726,0.585183446616711,-0.3320140536689,0.246136357846421,0.166435250264744,0.00414386701393426,high
HR1727,-1.1131042152587,-0.827905913288582,-0.482144750798762,-0.807718293115349,0.00414386701393426,low
HR1728,-1.20569268289705,-1.03471939667274,-1.28969520501255,-1.17670242819411,0.00414386701393426,low
HR1729,0.258483087203845,-0.313040330375991,-1.28570315874867,-0.44675346730694,0.00414386701393426,low
HR1730,0.990613558361257,0.878520917921214,2.26525780707696,1.37813076111981,0.00414386701393426,high
HR1731,1.16331912133527,1.59416019376904,1.49883911398597,1.41877280969676,0.00414386701393426,high
HR1732,0.953858464977016,1.03559369432797,-0.0455126634493549,0.647979831951877,0.00414386701393426,high
HR1733,0.142688824450335,-0.288297170844576,0.158039947436044,0.00414386701393426,0.00414386701393426,low
HR1734,1.30530761451661,1.42647121426134,1.0824958999838,1.27142490958725,0.00414386701393426,high
HR1735,0.159199702417421,-0.47051667834598,-0.0835203141651924,-0.131612430031251,0.00414386701393426,low
HR1736,0.996603487928806,1.12675351389458,0.625964297144022,0.916440432989135,0.00414386701393426,high
HR1737,1.38924408456769,1.92627878809821,1.73984555981753,1.68512281082781,0.00414386701393426,high
HR1738,1.25022257237216,1.73416466803925,2.3278639865741,1.77075040899517,0.00414386701393426,high
HR1739,-0.952461098064416,-0.904171821913339,-0.710525526323976,-0.855719482100577,0.00414386701393426,low
HR1740,0.754336028525221,0.483318805888037,-1.03452648314855,0.0677094504215694,0.00414386701393426,high
HR1741,0.618519985210103,0.0514193589675479,0.571210470910439,0.413716605029363,0.00414386701393426,high
HR1742,0.90326988562943,1.06762345877376,0.581658654986518,0.850850666463237,0.00414386701393426,high
HR1743,-1.48311663764679,-0.897944525490173,-0.73114806847153,-1.03740307720283,0.00414386701393426,low
HR1744,-1.37711536812898,-1.03471939667274,-1.53057492848161,-1.31413656442777,0.00414386701393426,low
HR1745,-1.58944464537937,-0.906903901531748,-1.14925999968073,-1.21520284886395,0.00414386701393426,low
HR1746,1.22493580768731,1.51644046774696,2.47347098034745,1.7382824185939,0.00414386701393426,high
HR1747,1.22177032099832,1.19060011514664,1.0726086994094,1.16165971185146,0.00414386701393426,high
HR1748,1.19477941891695,1.55767642371722,1.2733459961533,1.34193394626249,0.00414386701393426,high
HR1749,-1.46188699467523,-0.88504981658968,-0.351632287381656,-0.899523032882188,0.00414386701393426,low
HR1750,1.05998756661377,0.627947572496296,0.421230648026656,0.703055262378907,0.00414386701393426,high
HR1751,-1.18423583341564,-1.03471939667274,-0.64923999685765,-0.956065075648677,0.00414386701393426,low
HR1752,-1.37865639616651,-1.03471939667274,0.018503763944964,-0.798290676298095,0.00414386701393426,low
HR1753,0.817154392913429,0.954686228309117,1.70706726952594,1.15963596358283,0.00414386701393426,high
HR1755,-1.44467490609117,-1.03471939667274,-0.250765976375839,-0.910053426379918,0.00414386701393426,low
HR1756,-1.37897652812368,-1.03471939667274,-1.05729343309704,-1.15699645263115,0.00414386701393426,low
HR1757,-1.44846602424755,-1.03471939667274,-0.310865201819552,-0.931350207579946,0.00414386701393426,low
HR1758,-1.45004001285198,-0.88931407364469,-0.0221849111140644,-0.787179665870245,0.00414386701393426,low
HR1759,-0.797734219040584,-0.872825334317142,0.889501166298221,-0.260352795686502,0.00414386701393426,low
HR1760,-1.30685724866582,-1.03471939667274,-1.79045205752413,-1.37734290095423,0.00414386701393426,low
HR1761,-0.909598451757022,-1.03471939667274,0.219721608760806,-0.574865413222985,0.00414386701393426,low
HR1762,0.800936497068534,0.902777874930822,-0.297231850209642,0.468827507263238,0.00414386701393426,high
HR1763,-1.51318691546141,-1.03471939667274,-1.18087988723998,-1.24292873312471,0.00414386701393426,low
HR1764,-0.780025091170006,-0.845329570862554,0.164577475105146,-0.486925728975805,0.00414386701393426,low
HR1765,0.348279192846195,-0.634039182820348,-0.179877412009759,-0.155212467327971,0.00414386701393426,low
HR1766,-1.35973856612306,-0.836329417630416,-0.583715757123253,-0.926594580292243,0.00414386701393426,low
HR1767,0.404797483832135,-0.281245306910159,-0.236823714638952,-0.0377571792389918,0.00414386701393426,low
HR1768,-1.14237244228749,-1.03471939667274,-1.03543644557325,-1.07084276151116,0.00414386701393426,low
HR1769,0.722180209334258,0.330842010808247,-0.833882593156369,0.073046542328712,0.00414386701393426,high
HR1770,-1.28115438622082,-1.03471939667274,-1.42796892274356,-1.24794756854571,0.00414386701393426,low
HR1771,0.453991446906662,-0.441547053725439,0.527013159609979,0.179819184263734,0.00414386701393426,high
HR1772,-1.53448471817299,-1.03471939667274,-0.385978012941624,-0.985060709262453,0.00414386701393426,low
HR1773,0.542592678138971,0.233030460386509,-1.02665676363271,-0.0836778750357445,0.00414386701393426,low
HR1774,-1.51565949577347,-0.832880709585759,-1.03481346850902,-1.12778455795608,0.00414386701393426,low
HR1775,-1.43689809750856,-1.03471939667274,-1.29801164583847,-1.25654304667326,0.00414386701393426,low
HR1776,-1.04173457641476,-1.03471939667274,-0.396686582583233,-0.824380185223579,0.00414386701393426,low
HR1777,0.897542886209633,1.35476331095798,0.745270007164245,0.999192068110618,0.00414386701393426,high
HR1778,0.936625194332211,0.785368986529795,-0.229562250695341,0.497477310055555,0.00414386701393426,high
HR1779,1.15603571837732,0.559467991444351,-0.0439312102843134,0.557190833179119,0.00414386701393426,high
HR1780,0.80334429552993,1.16289700720153,0.21665512073173,0.727632141154397,0.00414386701393426,high
HR1781,0.353783279455723,0.31838974260256,0.353028119090565,0.341733713716283,0.00414386701393426,high
HR1782,-1.09350765739273,-1.03471939667274,-1.11834284779775,-1.08218996728774,0.00414386701393426,low
HR1783,-1.50593412632241,-0.884258282859101,-0.804864182419296,-1.06501886386694,0.00414386701393426,low
HR1784,-0.719098462068545,-0.63700530215772,-1.71973749680703,-1.02528042034443,0.00414386701393426,low
HR1785,1.05670639341055,1.31792861398661,0.803814423100997,1.05948314349939,0.00414386701393426,high
HR1786,-0.553046743105032,-0.821020242323549,-0.991002810410398,-0.788356598612993,0.00414386701393426,low
HR1787,1.28418568497299,1.88420375203929,0.646577776487802,1.27165573783336,0.00414386701393426,high
HR1788,-1.090027661802,-1.03471939667274,-2.05905037761411,-1.39459914536295,0.00414386701393426,low
HR1789,-0.650106365316752,-1.03471939667274,-0.881432748806105,-0.855419503598532,0.00414386701393426,low
HR1790,0.750136523504808,-0.201853345259735,0.820847425606113,0.456376867950395,0.00414386701393426,high
HR1791,1.30915724452317,1.86628046781369,1.62605573877032,1.60049781703573,0.00414386701393426,high
HR1792,-1.13087064923404,-1.03471939667274,-1.43301456964339,-1.19953487185006,0.00414386701393426,low
HR1793,-1.44119631355329,-1.03471939667274,-1.19559950364977,-1.22383840462527,0.00414386701393426,low
HR1794,-1.18606820787191,-1.03471939667274,-0.710833626776358,-0.977207077107001,0.00414386701393426,low
HR1795,0.463991000034121,0.624541916444612,-0.775457445293974,0.10435849039492,0.00414386701393426,high
HR1796,1.40293159425185,1.93612553768083,2.10514514528677,1.81473409240648,0.00414386701393426,high
HR1798,0.314365871917,-0.108223118907944,-0.744031925937713,-0.179296390976219,0.00414386701393426,low
HR1799,-1.07274882321651,-0.898190940463597,-0.65264268111543,-0.874527481598511,0.00414386701393426,low
HR1800,-1.20898477109826,-1.03471939667274,-1.33339329402263,-1.19236582059788,0.00414386701393426,low
HR1801,1.31138198212021,1.68457002760591,1.82271206897807,1.60622135956806,0.00414386701393426,high
HR1802,0.530136921337163,-0.0451754035590909,0.027224888654286,0.170728802144119,0.00414386701393426,high
HR1804,-0.395602485514113,-0.89341544865554,0.173736468614212,-0.37176048851848,0.00414386701393426,low
HR1805,1.06941019549704,1.70466411220266,1.28899231217719,1.35435553995896,0.00414386701393426,high
HR1806,0.470894817062192,0.0655081818197096,0.194562855418994,0.243655284766965,0.00414386701393426,high
HR1807,0.62794433777864,0.983123952815348,0.489343726888832,0.70013733916094,0.00414386701393426,high
HR1808,0.546238873349061,1.10491661140126,0.271187146377131,0.640780877042485,0.00414386701393426,high
HR1809,0.910210114049216,0.685021536316333,1.11738847106116,0.904206707142236,0.00414386701393426,high
HR1810,0.705548832542281,0.721019747247856,0.0762044003336786,0.500924326707939,0.00414386701393426,high
HR1811,-1.39999231486936,-0.895250235671761,-1.50129709364324,-1.26551321472812,0.00414386701393426,low
HR1812,1.24324589221642,1.16796559806472,1.01567845117911,1.14229664715341,0.00414386701393426,high
HR1813,-1.36715818895646,-0.905827693448726,-0.9911365630006,-1.08804081513526,0.00414386701393426,low
HR1814,0.636065067782784,-0.539597678899253,0.571688016961982,0.222718468615171,0.00414386701393426,high
HR1815,0.730915632053938,1.5229912440389,0.650754529688302,0.968220468593714,0.00414386701393426,high
HR1816,0.721498074155085,0.321632687310133,-0.262893514316111,0.260079082383036,0.00414386701393426,high
HR1817,1.08295728707533,1.45444367735738,1.50844965233252,1.34861687225508,0.00414386701393426,high
HR1818,0.638124904677537,0.232533748955159,0.913317567865754,0.594658740499483,0.00414386701393426,high
HR1819,0.561247061317689,1.05296480424237,0.682451735829063,0.765554533796375,0.00414386701393426,high
HR1820,-0.157618702794519,-0.779328933910137,-0.91114142872092,-0.616029688475192,0.00414386701393426,low
HR1821,-1.60042068565783,-0.869925110584118,-0.104251900362618,-0.858199232201521,0.00414386701393426,low
HR1822,1.06578286835402,1.63145557335403,1.58039639904295,1.42587828025033,0.00414386701393426,high
HR1823,-1.40292919579654,-1.03471939667274,-0.573466217738469,-1.00370493673592,0.00414386701393426,low
HR1824,-1.11633790643905,-1.03471939667274,-0.724459307144646,-0.958505536752144,0.00414386701393426,low
HR1825,-1.33756280579112,-0.893738365976748,-0.0188697810484716,-0.750056984272112,0.00414386701393426,low
HR1826,0.453827700083423,-0.338950223742296,-0.0850452032022487,0.00994409104629256,0.00414386701393426,high
HR1827,0.828270662490695,0.994154488126768,0.891440430488474,0.904621860368645,0.00414386701393426,high
HR1828,-0.230662621700626,-0.606684293470958,0.121942427405784,-0.2384681625886,0.00414386701393426,low
HR1829,-0.364053218333963,-0.778177409713875,2.20232524221105,0.353364871387739,0.00414386701393426,high
HR1831,0.642022409585002,1.04669803810797,0.0897619537563281,0.592827467149768,0.00414386701393426,high
HR1832,-0.246053929136043,-0.720163496732564,0.151052260462398,-0.27172172180207,0.00414386701393426,low
HR1833,1.22197336555365,1.45390111806141,0.58706863299904,1.08764770553803,0.00414386701393426,high
HR1834,0.541137739310155,-0.480514486786817,1.05473645985449,0.37178657079261,0.00414386701393426,high
HR1835,-0.936119465902056,-1.03471939667274,-0.0624504823877958,-0.677763114987531,0.00414386701393426,low
HR1836,1.21608193191627,1.35105391403164,1.93318278175044,1.50010620923278,0.00414386701393426,high
HR1837,0.0696644512416554,-0.799786821717706,0.296734365505104,-0.144462668323649,0.00414386701393426,low
HR1838,-1.30911612981243,-0.901097303898138,-0.309443018303145,-0.839885484004573,0.00414386701393426,low
HR1839,-0.26339384088526,-0.912266390915443,-0.199915253459406,-0.45852516175337,0.00414386701393426,low
HR1840,0.92840559193041,1.20892808176651,0.290531957907571,0.809288543868165,0.00414386701393426,high
HR1841,-1.37277741708645,-0.882255988036844,-0.0675868441730864,-0.774206749765459,0.00414386701393426,low
HR1842,0.0907615492433272,-0.866339928568789,-1.03530003830134,-0.603626139208935,0.00414386701393426,low
HR1843,0.771596813338786,0.300167734081857,0.538755006792555,0.5368398514044,0.00414386701393426,high
HR1844,1.08399147188801,0.754278646262859,0.694075079278083,0.844115065809652,0.00414386701393426,high
HR1846,0.0364098104229618,-0.582033405704553,0.47507682499723,-0.0235155900947871,0.00414386701393426,low
HR1847,-0.918993244867771,-1.03471939667274,-1.61249657345826,-1.18873640499959,0.00414386701393426,low
HR1848,-0.600199916051748,-1.03471939667274,-0.749318672367524,-0.794745995030671,0.00414386701393426,low
HR1849,1.16025799229548,1.52766277237023,0.722994853269051,1.13697187264492,0.00414386701393426,high
HR1850,0.884724335141077,0.99473375150143,0.696134516389919,0.858530867677475,0.00414386701393426,high
HR1851,1.2130006644433,2.25045172964483,1.83556444867248,1.76633894758687,0.00414386701393426,high
HR1852,-1.49256287432276,-0.891240834752413,-0.853588353683844,-1.07913068758634,0.00414386701393426,low
HR1854,0.0935229555307736,-0.759945452260186,0.837267410261697,0.0569483045107617,0.00414386701393426,high
HR1855,-1.08849738368351,-0.893245976114111,-1.10875316870172,-1.03016550949978,0.00414386701393426,low
HR1856,0.112616019958702,-0.277617305051345,0.515071273419826,0.116689996109061,0.00414386701393426,high
HR1857,-0.126637430881854,-0.86362583714934,-0.324862721129414,-0.438375329720203,0.00414386701393426,low
HR1858,-0.995342346916957,-0.895768767366785,0.249109699286467,-0.547333804999092,0.00414386701393426,low
HR1859,0.745154070026023,0.804443197709,0.421422337481512,0.657006535072178,0.00414386701393426,high
HR1860,-0.0521675641312444,-1.03471939667274,-0.266472972844374,-0.451119977882786,0.00414386701393426,low
HR1862,0.686704155743742,0.70629296347199,0.306166514054085,0.566387877756606,0.00414386701393426,high
HR1863,0.681586596376542,-0.506725281217978,-0.241597811447685,-0.0222454987630401,0.00414386701393426,low
HR1864,0.631134843530181,-0.156619536148322,0.961703041236346,0.478739449539402,0.00414386701393426,high
HR1865,0.478803820897763,-0.572372019851107,0.654457444531516,0.186963081859391,0.00414386701393426,high
HR1866,-1.31735268339523,-1.03471939667274,-0.197150176728729,-0.849740752265567,0.00414386701393426,low
HR1867,-0.421746592018639,-0.873386070122179,-0.120702607912951,-0.471945090017923,0.00414386701393426,low
HR1868,0.0831909006828826,-0.816977396964178,0.659747321759623,-0.0246797248405577,0.00414386701393426,low
HR1869,-1.18436623989491,-1.03471939667274,-1.58234372286037,-1.26714311980934,0.00414386701393426,low
HR1871,-1.34543857430627,-1.03471939667274,-1.51662407220701,-1.29892734772867,0.00414386701393426,low
HR1872,0.583518499948614,0.776094055828471,0.915497640504641,0.758370065427242,0.00414386701393426,high
HR1873,1.19193510795314,1.88679469504563,0.356370052495535,1.14503328516477,0.00414386701393426,high
HR1874,0.741639872594533,0.206978660458815,-0.153414018405351,0.265068171549332,0.00414386701393426,high
HR1875,1.1774209739831,1.87068060555932,0.688456727998912,1.24551943584711,0.00414386701393426,high
HR1876,-0.996429698765049,-0.832072889081021,-1.92875269145275,-1.25241842643294,0.00414386701393426,low
HR1877,0.624136974299486,0.0277223505843104,0.431030429121999,0.360963251335265,0.00414386701393426,high
HR1878,0.299094307554211,-0.590116221335183,0.265498781160703,-0.0085077108734228,0.00414386701393426,low
HR1879,1.15230778654358,1.25668909540338,0.587936152037341,0.998977677994765,0.00414386701393426,high
HR1880,1.03152467608778,0.370278908382656,0.506926891593413,0.636243492021283,0.00414386701393426,high
HR1881,0.145628726623686,-0.372710307684169,-1.14186795007678,-0.456316510379086,0.00414386701393426,low
HR1882,1.0849124656151,1.22812484429592,1.09320582804721,1.13541437931941,0.00414386701393426,high
HR1883,0.997739391855152,1.53573994755789,1.78130066105322,1.43826000015542,0.00414386701393426,high
HR1884,-1.15082802994118,-1.03471939667274,0.148139257914328,-0.679136056233197,0.00414386701393426,low
HR5019,-1.19965785224401,-0.921009391988233,-0.712265623745552,-0.944310955992599,0.00414386701393426,low
HR5103,0.83851528948815,1.29363405985505,0.892065377115253,1.00807157548615,0.00414386701393426,high
HR5109,-1.52670669002445,-0.890060959824025,-0.972964334555618,-1.12991066146803,0.00414386701393426,low
HR5111,-1.53449165807146,-0.936448745436333,-1.1631135384446,-1.21135131398413,0.00414386701393426,low
HR5117,-0.118113806154665,-0.621873646536518,-1.34303910900587,-0.694342187232349,0.00414386701393426,low
HR5147,-0.710711715866652,-0.900403408393554,-0.86307911261507,-0.824731412291759,0.00414386701393426,low
HR5148,1.07777099925618,0.286554869983677,1.10674416084205,0.823690010027304,0.00414386701393426,high
HR5165,-1.21299441302777,-0.919999465258825,-0.605328598822786,-0.912774159036461,0.00414386701393426,low
HR5168,0.849825513879195,0.238369966902867,2.1180593639605,1.06875161491419,0.00414386701393426,high
HR5170,-1.54100866771608,-0.922751117567898,-0.117476142696772,-0.860411975993582,0.00414386701393426,low
HR5172,1.11086595179595,1.13293650320908,0.810865235714458,1.01822256357316,0.00414386701393426,high
HR5179,-1.37343421280541,-1.03471939667274,1.55918971008341,-0.282987966464911,0.00414386701393426,low
HR5206,-1.1393243240188,-0.877507781607031,-0.456394366081652,-0.824408823902494,0.00414386701393426,low
HR5212,1.09116066341808,1.47483002840042,1.31560826423241,1.29386631868363,0.00414386701393426,high
HR5218,-1.33668626101332,-0.825896320889436,-0.500338258374236,-0.887640280092331,0.00414386701393426,low
HR5236,1.16131619116934,0.662075713149202,1.43245437739799,1.08528209390551,0.00414386701393426,high
HR5238,0.94340773778342,0.794567269271869,1.43490771462749,1.05762757389426,0.00414386701393426,high
HR5239,1.15670329300869,1.11447146522686,2.12276721499687,1.46464732441081,0.00414386701393426,high
HR5240,1.01856053695471,1.39258976657639,1.18804606480757,1.19973212277956,0.00414386701393426,high
HR5241,-1.52395241312098,-1.03471939667274,0.0999681515016716,-0.819567886097351,0.00414386701393426,low
HR5243,0.628735893771745,0.300752314157822,-0.16598811804158,0.254500029962662,0.00414386701393426,high
HR5244,1.06442624334665,1.61408793665405,1.29612220115671,1.32487879371914,0.00414386701393426,high
HR5245,0.869718365621821,0.620495407525781,-0.22721574302486,0.420999343374248,0.00414386701393426,high
HR5246,-0.737751452556094,-0.917046206359679,0.235975872796188,-0.472940595373195,0.00414386701393426,low
HR5247,0.705650704792109,0.863412211436059,0.407117135641216,0.658726683956462,0.00414386701393426,high
HR5248,0.0441267575371318,-0.690418502831444,0.512373621503819,-0.0446393745968309,0.00414386701393426,low
HR5250,-1.48010873543158,-1.03471939667274,-1.60186207396577,-1.37223006869003,0.00414386701393426,low
HR5253,-0.334913553158746,-0.737367924483199,-0.331121963182182,-0.467801146941376,0.00414386701393426,low
HR5255,-1.29705279817145,-0.835514764147057,-1.00692255510807,-1.04649670580886,0.00414386701393426,low
HR5257,1.03368401440245,1.2833154404334,0.707853004558884,1.00828415313158,0.00414386701393426,high
HR5259,-1.25043820089889,-0.903970080633292,-0.534831317939778,-0.896413199823986,0.00414386701393426,low
HR5260,-1.28647230703426,-0.922829509318022,0.365950713038904,-0.614450367771125,0.00414386701393426,low
HR5263,-1.37476324710294,-0.875902035924622,-1.0237221856526,-1.09146248956005,0.00414386701393426,low
HR5266,1.1854031808182,1.23687404946938,1.4436123301501,1.28862985347923,0.00414386701393426,high
HR5267,-1.24236099281346,-1.03471939667274,-1.42073046516407,-1.23260361821676,0.00414386701393426,low
HR5270,0.948743735946247,1.52602728279403,1.09737637935868,1.19071579936632,0.00414386701393426,high
HR5271,-1.24294475155459,-1.03471939667274,-0.571721753552699,-0.949795300593344,0.00414386701393426,low
HR5272,-1.71873624648022,-0.878939943143162,-1.10924172178503,-1.2356393038028,0.00414386701393426,low
HR5273,-1.06529299003788,-1.03471939667274,-0.18909012958335,-0.76303417209799,0.00414386701393426,low
HR5274,0.40305822724404,0.391019473008858,-0.158229012612697,0.211949562546734,0.00414386701393426,high
HR5275,0.285124686796696,-0.702594331614398,0.865722860100691,0.149417738427663,0.00414386701393426,high
HR5276,0.934290820854291,0.89944327415657,0.951602598394629,0.928445564468497,0.00414386701393426,high
HR5277,-0.187096168116402,-0.687850601300484,-1.52872836923267,-0.801225046216518,0.00414386701393426,low
HR5278,-1.19719816182456,-1.03471939667274,-0.0204434347665767,-0.750786997754624,0.00414386701393426,low
HR5279,0.535497909863568,-0.382120459804089,-0.130840571295727,0.00751229292125063,0.00414386701393426,high
HR5280,-1.29778213009382,-1.03471939667274,-0.967248174457717,-1.09991656707476,0.00414386701393426,low
HR5282,1.1393408247067,1.42451444085646,1.95209161693886,1.50531562750067,0.00414386701393426,high
HR5283,-0.688993534206912,-0.885196246814415,0.0230439838095153,-0.517048599070604,0.00414386701393426,low
HR5285,-0.452672276574516,-1.03471939667274,-0.261553815668849,-0.582981829638701,0.00414386701393426,low
HR5286,-1.28659741250737,-0.919445449587518,-1.59894667951905,-1.26832984720465,0.00414386701393426,low
HR5287,-0.0996950565295505,-0.857650342814574,0.650175192526015,-0.10239006893937,0.00414386701393426,low
HR5289,-1.3807413849588,-1.03471939667274,0.209839091672764,-0.735207229986259,0.00414386701393426,low
HR5292,0.220160477743203,-0.0971829684366061,-0.372832240047348,-0.0832849102469174,0.00414386701393426,low
HR5293,0.466037691246178,-0.828193231689121,-1.38422176495625,-0.582125768466397,0.00414386701393426,low
HR5295,0.430409295700417,-0.17561359040315,-1.44785800759118,-0.397687434097971,0.00414386701393426,low
HR5296,0.731785603134613,-0.338585121998649,0.0819127315579727,0.158371070897979,0.00414386701393426,high
HR5298,1.3149356437186,1.54640362337309,1.27656722384277,1.37930216364482,0.00414386701393426,high
HR5299,-1.12624834659283,-0.908758991609815,-1.192017914417,-1.07567508420655,0.00414386701393426,low
HR5300,-1.14509286569463,-0.899138220241087,-0.977693087388421,-1.00730805777471,0.00414386701393426,low
HR5301,-0.586970674731094,-1.03471939667274,-1.74534871747836,-1.12234626296073,0.00414386701393426,low
HR5303,1.25397613087544,1.93208736047311,1.68518013496443,1.62374787543766,0.00414386701393426,high
HR5314,-1.05013561084603,-1.03471939667274,-1.90349217750028,-1.32944906167302,0.00414386701393426,low
HR5316,-1.42195493088781,-0.899304155863217,-1.08829466909298,-1.13651791861467,0.00414386701393426,low
HR5317,0.793218516072232,0.898221046487151,0.754109177069719,0.815182913209701,0.00414386701393426,high
HR5318,-1.3371413962817,-1.03471939667274,-2.05153784499736,-1.4744662126506,0.00414386701393426,low
HR5319,0.73983784150825,-0.564160580942963,0.0410697490946899,0.0722490032199921,0.00414386701393426,high
HR5322,-1.50594796658688,-0.911661963013024,-0.0480149702607191,-0.821874966620208,0.00414386701393426,low
HR5324,-1.31910740875065,-0.90160741244878,-0.849972038192252,-1.02356228646389,0.00414386701393426,low
HR5325,-1.54290168018506,-1.03471939667274,-1.19366751817459,-1.25709619834413,0.00414386701393426,low
HR5333,0.509096830371837,0.435926160331947,1.16621335356938,0.703745448091053,0.00414386701393426,high
HR5334,0.849800710371923,-0.199805627620264,0.490820773538056,0.380271952096572,0.00414386701393426,high
HR5335,0.467194166561342,-0.698015325752658,-0.749908276672016,-0.326909811954444,0.00414386701393426,low
HR5336,-1.47389531481703,-1.03471939667274,-2.13660000075661,-1.54840490408212,0.00414386701393426,low
HR5337,-1.19656532064842,-0.874763494843125,0.424774908035403,-0.548851302485382,0.00414386701393426,low
HR5341,0.879553202041286,1.22069340418852,0.153486782594037,0.751244462941281,0.00414386701393426,high
HR5342,0.421942494687747,0.364564459155068,0.327965484043949,0.371490812628921,0.00414386701393426,high
HR5343,0.637994901623036,-0.245916333295312,1.03461628790712,0.475564952078281,0.00414386701393426,high
HR5344,0.968914649491858,1.31247613199496,1.20619840124785,1.16252972757822,0.00414386701393426,high
HR5345,-1.50890469284795,-1.03471939667274,0.787063196931678,-0.58552029752967,0.00414386701393426,low
HR5348,1.1642890300083,1.33618921390851,1.17272603819373,1.22440142737018,0.00414386701393426,high
HR5349,0.650784490530361,0.736752629229687,-0.10944564780867,0.42603049065046,0.00414386701393426,high
HR5350,-1.06013355087097,-1.03471939667274,-0.247451018074614,-0.780767988539441,0.00414386701393426,low
HR5352,1.01597080320868,1.86684408813841,0.483547759286273,1.12212088354446,0.00414386701393426,high
HR5354,0.418437307889017,-0.215496151126325,-0.318096341602941,-0.0383850616134165,0.00414386701393426,low
HR5357,0.90295899611477,1.15435842101388,0.543163989889327,0.86682713567266,0.00414386701393426,high
HR5358,-1.18573072971175,-1.03471939667274,-0.0892636554209813,-0.769904593935157,0.00414386701393426,low
HR5359,-1.23625156437192,-1.03471939667274,-1.1184611062081,-1.12981068908425,0.00414386701393426,low
HR5360,0.836100742253228,-0.0288313287334249,0.11623703697343,0.307835483497744,0.00414386701393426,high
HR5362,0.72983354568742,0.273160296611185,0.0321670731642166,0.345053638487607,0.00414386701393426,high
HR5363,-1.29150541001629,-0.906118715394898,-0.485733726858914,-0.894452617423369,0.00414386701393426,low
HR5365,-1.34176530148019,-0.906847560486065,-1.69259080809393,-1.31373455668673,0.00414386701393426,low
HR5366,-1.53679108475616,-0.906592730381685,-0.0861229629088163,-0.843168926015553,0.00414386701393426,low
HR5370,-1.32917354097454,-1.03471939667274,0.826490724236434,-0.512467404470282,0.00414386701393426,low
HR5372,0.659405805360133,0.600982662211112,-0.923858881155591,0.112176528805218,0.00414386701393426,high
HR5376,-1.34352234387907,-1.03471939667274,-0.586940197062327,-0.988393979204711,0.00414386701393426,low
HR5379,-1.28850094341519,-0.852081414136912,-0.86661395615733,-1.00239877123648,0.00414386701393426,low
HR5381,0.663206337843058,0.275864647818362,0.333574697326164,0.424215227662528,0.00414386701393426,high
HR5383,0.269094791566998,-0.877323653621683,-0.302590313857194,-0.303606391970626,0.00414386701393426,low
HR5384,0.177933047794907,-0.486475279454418,0.00714129040781009,-0.100466980417234,0.00414386701393426,low
HR5385,0.642674157102234,0.948192328019926,0.770147984702361,0.78700482327484,0.00414386701393426,high
HR5387,-1.5756779358722,-1.03471939667274,-0.785049663237056,-1.13181566526066,0.00414386701393426,low
HR5390,-1.16198537566327,-0.788432884871633,-0.116092302987308,-0.688836854507404,0.00414386701393426,low
HR5392,-1.2863344958297,-0.84981013345771,-0.528443165240612,-0.88819593150934,0.00414386701393426,low
HR5393,-1.47386088333729,-1.03471939667274,-0.793532254397297,-1.10070417813577,0.00414386701393426,low
HR5394,-0.118086011742055,-0.575497701296931,-0.732588532711338,-0.475390748583441,0.00414386701393426,low
HR5399,-1.40844113645388,-1.03471939667274,-2.26304068336212,-1.56873373882958,0.00414386701393426,low
HR5402,0.975092922817318,1.18418653427095,0.169878510672598,0.776385989253623,0.00414386701393426,high
HR5409,-1.3159410447709,-0.868504020278985,-1.12552400545861,-1.10332302350283,0.00414386701393426,low
HR5415,0.288825493732197,-0.484656570529467,0.0533869369573168,-0.0474813799466511,0.00414386701393426,low
HR5424,-1.11080408940456,-1.03471939667274,-1.76654233264858,-1.30402193957529,0.00414386701393426,low
HR5425,-0.312428827809718,-0.658201349316793,-1.12969665273701,-0.700108943287841,0.00414386701393426,low
HR5426,0.656703683047409,0.717214440947835,1.04708310993538,0.807000411310207,0.00414386701393426,high
HR5427,-1.14876767653889,-0.900239621754014,-1.43371768983952,-1.16090832937747,0.00414386701393426,low
HR5429,-0.824451517693376,-0.888213595338202,-0.827307347555072,-0.846657486862217,0.00414386701393426,low
HR5430,0.950676653067172,0.365063747805861,0.481266532118709,0.599002310997247,0.00414386701393426,high
HR5431,-1.14523792288582,-0.891229195442095,-2.22902942466297,-1.42183218099696,0.00414386701393426,low
HR5434,1.11542832751197,1.83111870797307,1.71362149521944,1.55338951023483,0.00414386701393426,high
HR5438,0.934288410576587,0.535313232783083,-0.0868679506184669,0.460911230913735,0.00414386701393426,high
HR5439,1.05063335192624,1.9801610940542,1.83383093339938,1.62154179312661,0.00414386701393426,high
HR5441,0.779955574666078,1.4666940096309,0.232220772174746,0.826290118823909,0.00414386701393426,high
HR5442,1.11503589142591,1.51719959777681,1.67708016991184,1.43643855303819,0.00414386701393426,high
HR5443,0.520189382278255,-0.0905560165129913,0.381292869632946,0.270308745132737,0.00414386701393426,high
HR5444,1.10904018558508,2.05945506525751,1.73487697438258,1.63445740840839,0.00414386701393426,high
HR5445,1.1932748179522,1.08910561962749,1.85782746305634,1.38006930021201,0.00414386701393426,high
HR5446,-1.31787137101552,-0.85104534596553,-0.314503914424613,-0.827806877135221,0.00414386701393426,low
HR5452,-0.720423270313198,-0.83137878114644,-1.31546215196105,-0.955754734473563,0.00414386701393426,low
HR5468,0.153106551691699,-0.516840830010847,-1.17901037274427,-0.514248217021141,0.00414386701393426,low
HR5473,1.05675684253448,1.0929409676546,0.834690214339143,0.994796008176074,0.00414386701393426,high
HR5474,0.678951154111014,-0.322608975190958,-0.0385637587974319,0.105926140040875,0.00414386701393426,high
HR5475,0.769002237204091,1.30827911317327,0.652496349278975,0.909925899885444,0.00414386701393426,high
HR5476,-1.45993825410345,-1.03471939667274,-0.519714451096869,-1.00479070062435,0.00414386701393426,low
HR5478,-1.41965343673869,-0.787874264116256,-0.188656304954069,-0.79872800193634,0.00414386701393426,low
HR5484,-0.279627381534041,-0.315150394878726,-1.22245215822208,-0.605743311544949,0.00414386701393426,low
HR5489,1.1846300744976,2.14316576501484,1.66027218831641,1.66268934260962,0.00414386701393426,high
HR5493,0.589666728676973,1.12830733435625,0.590546823890763,0.769506962307997,0.00414386701393426,high
HR5495,0.642284544947863,-0.235637813353226,-0.0948547419098152,0.103930663228274,0.00414386701393426,high
HR5496,-0.519554588261449,-0.787653491091797,-0.309791092830553,-0.538999724061266,0.00414386701393426,low
HR5499,-0.344015545086871,-0.761586661283151,-1.58496188608333,-0.89685469748445,0.00414386701393426,low
HR5500,-1.07340700564327,-0.821349726196756,-0.929878179771322,-0.941544970537117,0.00414386701393426,low
HR5501,0.0736754324788153,0.0777409611316403,-1.7022697672269,-0.516951124538816,0.00414386701393426,low
HR5503,-1.34236552473655,-0.809389826164303,-0.208250068237224,-0.786668473046027,0.00414386701393426,low
HR5510,-1.29123014365076,-0.8689949240615,-1.14179825704066,-1.10067444158431,0.00414386701393426,low
HR5517,-0.0871429763552915,-0.493268651305497,-1.00714198361144,-0.529184537090743,0.00414386701393426,low
HR5523,-0.960883347275048,-1.03471939667274,-0.827901590825158,-0.941168111590982,0.00414386701393426,low
HR5525,-1.2015164083777,-1.03471939667274,-1.53348679141765,-1.2565741988227,0.00414386701393426,low
HR5526,0.903658411109352,0.886379690223707,0.432952902501096,0.740997001278052,0.00414386701393426,high
HR5527,0.812206798432665,0.660417980392595,0.0886889060535073,0.520437894959589,0.00414386701393426,high
HR5532,0.980087905373475,1.57019763973481,1.47928208154962,1.34318920888597,0.00414386701393426,high
HR5579,0.378164166738201,-0.137814293908447,0.0437649359657257,0.0947049362651597,0.00414386701393426,high
HR5580,0.976087599385087,0.857547943078131,1.79606772482197,1.20990108909506,0.00414386701393426,high
HR5581,0.523255337065729,-0.396340515778913,0.0842441278363432,0.0703863163743865,0.00414386701393426,high
HR5582,0.455294575560987,-0.568234205941198,0.415182338391837,0.100747569337209,0.00414386701393426,high
HR5583,-1.01405814015384,-0.82492157930751,-0.884057276485487,-0.907678998648944,0.00414386701393426,low
HR5600,0.950836142756288,-0.0245254677428436,0.755992582244729,0.560767752419391,0.00414386701393426,high
HR5601,-1.43801474078616,-0.892170532831312,-1.88887247111772,-1.4063525815784,0.00414386701393426,low
HR5602,0.902263324230568,1.13322702383899,1.00189232824901,1.01246089210619,0.00414386701393426,high
HR5603,-0.769583415640207,-1.03471939667274,0.913412707339872,-0.296963368324359,0.00414386701393426,low
HR5604,-1.31985626014946,-1.03471939667274,-0.667689686209924,-1.00742178101071,0.00414386701393426,low
HR5605,-1.38465800098374,-1.03471939667274,-0.497824558266804,-0.972400651974427,0.00414386701393426,low
HR5606,1.19850053575922,1.54684202347412,1.96451591250111,1.56995282391148,0.00414386701393426,high
HR5608,-1.46307901975142,-1.03471939667274,0.163755899778274,-0.778014172215294,0.00414386701393426,low
HR5609,-1.44615959584312,-0.887097964514023,-0.564015042461176,-0.965757534272772,0.00414386701393426,low
HR5610,-1.33862971721306,-1.03471939667274,-0.60810496041344,-0.993818024766413,0.00414386701393426,low
HR5611,-1.4406339039965,-0.893579667427784,-1.03192257911291,-1.1220453835124,0.00414386701393426,low
HR5612,1.14480101108793,1.64410883333414,2.19558488704542,1.6614982438225,0.00414386701393426,high
HR5613,0.829347811110066,1.01700564638075,0.929710107723465,0.925354521738092,0.00414386701393426,high
HR5614,-0.620686775510037,-0.695479480794636,-0.399971574672669,-0.572045943659114,0.00414386701393426,low
HR5615,0.825569674645061,1.15335378034859,1.7386370670267,1.23918684067345,0.00414386701393426,high
HR5616,-0.91807949483183,-1.03471939667274,-2.00213067010985,-1.31830985387147,0.00414386701393426,low
HR5617,0.0899714298641608,-0.528808358683912,-0.063874625111199,-0.167570517976983,0.00414386701393426,low
HR5618,0.944195178883048,0.703981856029231,-0.217226098584606,0.476983645442558,0.00414386701393426,high
HR5620,-1.42997896762438,-1.03471939667274,-1.30872633602198,-1.2578082334397,0.00414386701393426,low
HR5621,1.20515552810482,1.91709880711924,1.49512056962949,1.53912496828452,0.00414386701393426,high
HR5622,-0.851110577832463,-0.891595404331442,-0.241403503678617,-0.661369828614174,0.00414386701393426,low
HR5623,-0.159161980793099,-0.45903372603083,-0.260140935155628,-0.292778880659853,0.00414386701393426,low
HR5624,0.38602820793333,0.16521479400783,-0.122282758090595,0.142986747950188,0.00414386701393426,high
HR5625,-1.22367338645416,-0.815297926797474,-0.543069569877773,-0.860680294376468,0.00414386701393426,low
HR5626,-0.303638721615624,-0.663556989103041,-0.269128849557602,-0.412108186758756,0.00414386701393426,low
HR5627,-1.45033299973652,-1.03471939667274,-1.09934345430639,-1.19479861690522,0.00414386701393426,low
HR5628,0.453750507556287,-0.166268144060294,0.302165187609764,0.196549183701919,0.00414386701393426,high
HR5629,0.849056444774562,0.3748704949424,0.411521287735078,0.54514940915068,0.00414386701393426,high
HR5630,0.420967193556443,0.439886481940489,-0.555241974145835,0.101870567117032,0.00414386701393426,high
HR5631,-1.16601527964666,-1.03471939667274,-1.54228662562205,-1.24767376731382,0.00414386701393426,low
HR5632,0.9901236964534,1.02959810729482,0.433215371633715,0.817645725127311,0.00414386701393426,high
HR5633,0.942942217462763,1.5756990954916,0.194665417013184,0.904435576655848,0.00414386701393426,high
HR5634,-1.41668729969425,-0.889336138549581,-0.590041986786837,-0.96535514167689,0.00414386701393426,low
HR5635,0.399292571819947,-0.212031016491238,-1.23436283151243,-0.349033758727907,0.00414386701393426,low
HR5636,-1.24089108139893,-1.03471939667274,-1.3083932619018,-1.19466791332449,0.00414386701393426,low
HR5637,-1.31370795470149,-1.03471939667274,-1.04089636732958,-1.12977457290127,0.00414386701393426,low
HR5638,0.867625017318503,0.706072445483484,0.362244278744831,0.64531391384894,0.00414386701393426,high
HR5639,0.213858477507973,-0.768816820026715,-0.734811704056496,-0.429923348858413,0.00414386701393426,low
HR5640,0.370085330719498,0.519057087471122,-0.314719198657845,0.191474406510925,0.00414386701393426,high
HR5641,0.334699021272723,0.0491357579029572,0.026871514548031,0.136902097907904,0.00414386701393426,high
HR5642,-0.0747430750808432,-0.64938551811853,-1.42604257058025,-0.716723721259875,0.00414386701393426,low
HR5643,-0.825220667171391,-0.896003023738368,-0.78225792604682,-0.83449387231886,0.00414386701393426,low
HR5644,0.647208337739928,-0.0173064078725517,-0.248012426489094,0.127296501126094,0.00414386701393426,high
HR5645,-1.40372902951017,-1.03471939667274,-1.25513492148143,-1.23119444922145,0.00414386701393426,low
HR5646,1.1925580032234,1.36127574977293,1.28764010171535,1.2804912849039,0.00414386701393426,high
HR5647,0.277499688884653,-0.226560752780481,-0.55121465860602,-0.166758574167283,0.00414386701393426,low
HR5648,0.938632485977373,0.174373242919166,-0.64085875659857,0.157382324099323,0.00414386701393426,high
HR5649,-1.40355170335304,-0.831406915379462,-0.722279988076976,-0.985746202269825,0.00414386701393426,low
HR5650,0.213355558201473,-0.314293999122393,-0.440548252989945,-0.180495564636955,0.00414386701393426,low
HR5651,-1.18128238223963,-1.03471939667274,-1.42622568513904,-1.21407582135047,0.00414386701393426,low
HR5652,-1.32763986271982,-1.03471939667274,-1.35730472635633,-1.23988799524963,0.00414386701393426,low
HR5653,-0.280674673145582,-0.890374048158466,-0.144880750349024,-0.438643157217691,0.00414386701393426,low
HR5654,0.355694545051561,0.323788484577532,0.391320421845466,0.356934483824853,0.00414386701393426,high
HR5655,0.515796214405669,-0.566291082212216,-1.90609227930312,-0.652195715703224,0.00414386701393426,low
HR5656,-1.16642636959393,-0.886721681207582,-1.15268271318829,-1.06861025466327,0.00414386701393426,low
HR5657,0.957378586571711,0.533608277004226,0.308398374269411,0.599795079281783,0.00414386701393426,high
HR5658,0.594158916686355,0.788135212968595,0.143157291217952,0.508483806957634,0.00414386701393426,high
HR5659,-1.36924020655173,-1.03471939667274,-1.52380705477712,-1.3092555526672,0.00414386701393426,low
HR5660,-1.60788995431139,-0.880328584030994,-0.14804663820814,-0.878755058850174,0.00414386701393426,low
HR5661,-1.29090621437857,-0.890845062416382,-1.65281954944114,-1.27819027541203,0.00414386701393426,low
HR5662,0.167092110626858,-0.875121944708502,0.0774970702920217,-0.210177587929874,0.00414386701393426,low
HR5663,0.857879733309435,1.46315399471355,0.461587583545355,0.927540437189448,0.00414386701393426,high
HR5664,-1.4317771969331,-1.03471939667274,-0.40306829697007,-0.956521630191969,0.00414386701393426,low
HR5665,0.133384517195778,-0.801562264879288,-0.584771294746958,-0.417649680810156,0.00414386701393426,low
HR5666,1.00387995156596,0.595842097243859,0.902510078106589,0.834077375638802,0.00414386701393426,high
HR5667,-1.35444280257091,-1.03471939667274,-1.76824598191837,-1.38580272705401,0.00414386701393426,low
HR5668,-1.43655379681224,-1.03471939667274,0.176634826665654,-0.764879455606443,0.00414386701393426,low
HR5669,0.760762673898387,0.0183003812264271,0.54459772528643,0.441220260137081,0.00414386701393426,high
HR5670,-1.11418844033745,-0.877343971385542,-0.997997669101558,-0.996510026941518,0.00414386701393426,low
HR5671,1.23009540556079,1.85057299040637,0.980172985987213,1.35361379398479,0.00414386701393426,high
HR5672,-1.45135616648974,-1.03471939667274,-1.20518852740419,-1.23042136352222,0.00414386701393426,low
HR5673,0.925773426898799,0.806038599315677,0.629809980144279,0.787207335452919,0.00414386701393426,high
HR5674,-1.25616608248336,-1.03471939667274,0.416195539964236,-0.624896646397289,0.00414386701393426,low
HR5675,-1.3594421477807,-1.03471939667274,-1.50944865412181,-1.30120339952508,0.00414386701393426,low
HR5676,-0.285014454318003,-0.916514398328458,-0.177809150073194,-0.459779334239885,0.00414386701393426,low
HR5677,-1.48282478922585,-1.03471939667274,-0.798474267738177,-1.10533948454559,0.00414386701393426,low
HR5678,1.07682169601091,0.740809654108302,0.718413219557311,0.845348189892174,0.00414386701393426,high
HR5679,1.10014776296739,0.672009289580536,1.71341901916321,1.16185869057038,0.00414386701393426,high
HR5680,0.860770433462752,1.03319492764109,1.10343738889492,0.999134249999588,0.00414386701393426,high
HR5681,-1.45291680415033,-1.03471939667274,-0.287867016183788,-0.925167739002285,0.00414386701393426,low
HR5682,0.0795143882564664,-0.88478159852829,-0.211508381193905,-0.338925197155243,0.00414386701393426,low
HR5683,0.496505782413621,-0.187325706922802,-0.275264402529596,0.011305224320408,0.00414386701393426,high
HR5684,-0.0495090903492944,-0.844128350889105,0.45717904461984,-0.145486132206186,0.00414386701393426,low
HR5685,-1.38901875906051,-1.03471939667274,-0.82344436624784,-1.0823941739937,0.00414386701393426,low
HR5686,0.978455728610159,0.421890344863567,1.65003097267669,1.0167923487168,0.00414386701393426,high
HR5687,0.726403223624257,0.190434369637274,0.723975590982577,0.546937728081369,0.00414386701393426,high
HR5688,-1.34556192804234,-1.03471939667274,-0.010758195658557,-0.797013173457877,0.00414386701393426,low
HR5689,1.18473922483784,1.33957239594672,1.40911949941984,1.3111437067348,0.00414386701393426,high
HR5690,-1.37065341901975,-0.881230878945436,0.587611998876955,-0.55475743302941,0.00414386701393426,low
HR5691,-1.11381015000112,-1.03471939667274,-0.268525721118653,-0.805685089264171,0.00414386701393426,low
HR5692,-1.45894816955844,-1.03471939667274,-0.720948058604373,-1.07153854161185,0.00414386701393426,low
HR5693,-1.26616195872459,-0.913078101292663,-0.923595977512946,-1.03427867917673,0.00414386701393426,low
HR5694,0.955978196803378,0.975854624948661,1.77839603684871,1.23674295286692,0.00414386701393426,high
HR5695,0.39872985361023,-0.446154523964968,-0.00708112646676613,-0.0181685989405016,0.00414386701393426,low
HR5696,-1.3647669560512,-1.03471939667274,0.370460884379401,-0.676341822781513,0.00414386701393426,low
HR5697,0.273880170077821,0.190973502797866,0.412078846991074,0.292310839955587,0.00414386701393426,high
HR5698,-1.3886457346086,-1.03471939667274,0.0590191985159249,-0.788115310921804,0.00414386701393426,low
HR5699,-1.44427116823778,-0.779717594456049,-0.599549452051672,-0.941179404915167,0.00414386701393426,low
HR5700,-1.40374973620997,-0.890366918390067,-1.10072442931159,-1.13161369463721,0.00414386701393426,low
HR5701,-1.2066463828682,-1.03471939667274,-0.79765726923189,-1.01300768292428,0.00414386701393426,low
HR5703,-1.19718477744772,-0.904048456504094,-0.610685429397525,-0.903972887783113,0.00414386701393426,low
HR5704,1.22906025108995,2.14254015317793,1.56568262999731,1.64576101142173,0.00414386701393426,high
HR5705,0.747625301204759,0.392926792875243,0.681015681514084,0.607189258531362,0.00414386701393426,high
HR5706,0.40495521645245,0.16632403480042,0.0114340404068944,0.194237763886588,0.00414386701393426,high
HR5707,0.495006866770232,0.259364054323795,-0.457548704530126,0.0989407388546339,0.00414386701393426,high
HR5708,-1.0003012465558,-1.03471939667274,-1.77271258022044,-1.26924440781633,0.00414386701393426,low
HR5709,-0.744699039294328,-0.918294609493188,-0.591782399789261,-0.751592016192259,0.00414386701393426,low
HR5710,1.12539842065276,1.63548624160355,0.997415723758764,1.25276679533836,0.00414386701393426,high
HR5725,0.673552248216674,0.856938624634353,0.395549858495035,0.642013577115354,0.00414386701393426,high
HR5726,-1.2934294971,-0.898411053605899,-0.180598581370732,-0.790813044025542,0.00414386701393426,low
SJ1079,-1.11805340096855,-0.90307755773046,-1.74813773171154,-1.25642289680352,0.00414386701393426,low
SJ1107,1.30406719544617,2.0423265355835,0.873136706422281,1.40651014581732,0.00414386701393426,high
SJ1176,0.0536633249685299,-0.169456360678466,-0.523525684219942,-0.213106239976626,0.00414386701393426,low
SJ1241,0.614037624649136,0.689548595495546,1.68584310689862,0.996476442347768,0.00414386701393426,high
SJ1423,-1.24868753402315,-0.878020104904321,-0.289076553439459,-0.805261397455643,0.00414386701393426,low
SJ5046,-0.800948756206559,-0.92576440536303,-1.5489483091657,-1.09188715691176,0.00414386701393426,low
SJ5108,0.453915748811587,0.0840658167248701,-1.10676196617962,-0.189593466881053,0.00414386701393426,low
SJ5398,0.727135067136255,0.266163120811931,-0.0642814020428608,0.309672261968442,0.00414386701393426,high
SJ5401,-1.33454292486872,-0.932305149143172,-0.831152994919366,-1.03266702297709,0.00414386701393426,low
