figure	panel	dataset	analysis_script	source_output	figure_generation_script	status
Figure 1	All	Study design	Documentation	Study design cohort and workflow summary	Final panel assembly performed separately	WORKFLOW_REFERENCE
Figure 2	All	GSE18965	analysis/01_GSE18965_repair_ECM/06_run_full_derivation.R; analysis/01_GSE18965_repair_ECM/08_GSE18965_DEG_GO_audit.R	outputs/01_GSE18965; outputs/final_derived_genes.tsv	Final panel assembly performed separately	SOURCE_STATISTICS_AVAILABLE
Figure 3	All	GSE118761	analysis/02_GSE118761_airway_programs/00_download_GSE118761.R; analysis/02_GSE118761_airway_programs/01_prepare_GSE118761.R; analysis/02_GSE118761_airway_programs/02_module_scores.R; analysis/02_GSE118761_airway_programs/06_quadrant_analysis.R	outputs/02_GSE118761	Final panel assembly performed separately	PUBLIC_DATA_RERUN
Figure 4	GSE118761 panels	GSE118761	analysis/02_GSE118761_airway_programs/03_PCA.R	figure_source_data/Figure4/GSE118761_nasal_PCA_correlations.csv; figure_source_data/Figure4/GSE118761_nasal_PCA_scores.csv	Final panel assembly performed separately	PUBLIC_DATA_RERUN
Figure 4	GSE152004 panels	GSE152004	Retained canonical PCA source	figure_source_data/Figure4/GSE152004_PCA_correlations.csv; figure_source_data/Figure4/GSE152004_PCA_scores.csv	Final panel assembly performed separately	SOURCE_DATA_COMPLETE
Figure 5	A-E	GSE152004	analysis/03_GSE152004_primary_validation/00_download_GSE152004.R; analysis/03_GSE152004_primary_validation/01_prepare_GSE152004.R; analysis/03_GSE152004_primary_validation/05_E1_E2_E3_clustering.R	outputs/03_GSE152004/GSE152004_final_state_assignments.csv	Final panel assembly performed separately	PUBLIC_DATA_RERUN
Figure 5	F	GSE118761 and GSE152004	analysis/02_GSE118761_airway_programs/projection/01_prepare_projection_inputs.R through 08_verify_projection_results.R; figures/Figure5/make_Figure5f.R	figures/Figure5/Figure5f_source_data.tsv	Executable base panel supplied	PUBLIC_DATA_RERUN
Figure 6	a	Hospital cohort	analysis/06_hospital_cohort/model_specification.R	outputs/06_hospital_templates	Final panel assembly performed separately	PROTECTED_DATA_REQUIRED
Figure 6	b	GSE152004	analysis/03_GSE152004_primary_validation/04_logistic_regression.R	outputs/03_GSE152004/GSE152004_molecular_T2_high_logistic_model.csv	Final panel assembly performed separately	RERUN_REQUIRES_INTERMEDIATES
