"sample_id","T2_score_vst_gene_z","T2_high","median_threshold"
"HR1005",0.579820672851423,1,0.00414386701393426
"HR1006",1.77606516453776,1,0.00414386701393426
"HR1009",1.13178861156144,1,0.00414386701393426
"HR1010",1.40468537026656,1,0.00414386701393426
"HR1012",-0.316420444488491,0,0.00414386701393426
"HR1016",0.504005643479155,1,0.00414386701393426
"HR1038",1.98409737654244,1,0.00414386701393426
"HR1046",0.951907642084405,1,0.00414386701393426
"HR1065",-1.42231356349603,0,0.00414386701393426
"HR1082",1.59722176314875,1,0.00414386701393426
"HR1089",0.445076911259217,1,0.00414386701393426
"HR1100",1.63832020937883,1,0.00414386701393426
"HR1111",0.422296219949809,1,0.00414386701393426
"HR1112",-0.929118117929453,0,0.00414386701393426
"HR1114",-0.234979932565231,0,0.00414386701393426
"HR1115",0.790361841115499,1,0.00414386701393426
"HR1117",-0.453129142878836,0,0.00414386701393426
"HR1124",-0.261760732588131,0,0.00414386701393426
"HR1149",0.37678017659605,1,0.00414386701393426
"HR1156",-0.0963325945902876,0,0.00414386701393426
"HR1159",0.709564819226975,1,0.00414386701393426
"HR1160",-0.597267262795878,0,0.00414386701393426
"HR1168",-0.48398951960763,0,0.00414386701393426
"HR1169",0.929834955864261,1,0.00414386701393426
"HR1170",0.417492206176784,1,0.00414386701393426
"HR1171",-0.844418403956332,0,0.00414386701393426
"HR1173",-0.853016072750936,0,0.00414386701393426
"HR1179",1.5431068021557,1,0.00414386701393426
"HR1180",-1.32926073963154,0,0.00414386701393426
"HR1181",0.0393832317264688,1,0.00414386701393426
"HR1182",1.49782082472481,1,0.00414386701393426
"HR1184",0.686211272042809,1,0.00414386701393426
"HR1186",-1.0575802300923,0,0.00414386701393426
"HR1188",0.514305269880267,1,0.00414386701393426
"HR1191",1.13685230406976,1,0.00414386701393426
"HR1192",0.855480806981132,1,0.00414386701393426
"HR1193",-0.0401488353679258,0,0.00414386701393426
"HR1195",0.744639639025934,1,0.00414386701393426
"HR1197",-0.0857755092830405,0,0.00414386701393426
"HR1200",-0.767698787377932,0,0.00414386701393426
"HR1204",0.248094695918485,1,0.00414386701393426
"HR1206",-1.05125694817365,0,0.00414386701393426
"HR1207",-0.556955558260388,0,0.00414386701393426
"HR1208",-0.515182081862365,0,0.00414386701393426
"HR1210",1.3005603091508,1,0.00414386701393426
"HR1212",-0.742217576243714,0,0.00414386701393426
"HR1213",1.31817922538196,1,0.00414386701393426
"HR1214",0.767541937865824,1,0.00414386701393426
"HR1216",0.304046136870835,1,0.00414386701393426
"HR1218",2.15023170399501,1,0.00414386701393426
"HR1219",0.745831224062356,1,0.00414386701393426
"HR1221",1.31820636928819,1,0.00414386701393426
"HR1223",-0.973998717162076,0,0.00414386701393426
"HR1226",0.290413891723876,1,0.00414386701393426
"HR1227",-0.742944981927704,0,0.00414386701393426
"HR1229",-0.875705263699161,0,0.00414386701393426
"HR1230",0.984638598792265,1,0.00414386701393426
"HR1232",0.622323290286977,1,0.00414386701393426
"HR1234",-1.12085280230639,0,0.00414386701393426
"HR1235",-0.890099392687378,0,0.00414386701393426
"HR1236",1.64581432856363,1,0.00414386701393426
"HR1239",-0.747770097955851,0,0.00414386701393426
"HR1240",1.19263113595814,1,0.00414386701393426
"HR1244",0.425044089809028,1,0.00414386701393426
"HR1245",-0.816097965830351,0,0.00414386701393426
"HR1248",0.700147765855606,1,0.00414386701393426
"HR1250",-0.222402238091645,0,0.00414386701393426
"HR1252",1.62844148291701,1,0.00414386701393426
"HR1259",1.52793136637238,1,0.00414386701393426
"HR1260",0.863948540379902,1,0.00414386701393426
"HR1262",1.86697818343441,1,0.00414386701393426
"HR1269",0.416748042231411,1,0.00414386701393426
"HR1272",-0.644995891507343,0,0.00414386701393426
"HR1273",1.35512334440122,1,0.00414386701393426
"HR1277",-0.936095815668529,0,0.00414386701393426
"HR1283",-0.387679949647449,0,0.00414386701393426
"HR1286",-1.17867689223894,0,0.00414386701393426
"HR1287",-1.10333664159158,0,0.00414386701393426
"HR1288",0.2001192862589,1,0.00414386701393426
"HR1289",0.221120038920948,1,0.00414386701393426
"HR1292",0.989980983658527,1,0.00414386701393426
"HR1295",0.322813482527575,1,0.00414386701393426
"HR1298",-1.31946574420332,0,0.00414386701393426
"HR1300",0.848419813992491,1,0.00414386701393426
"HR1302",0.621789875550113,1,0.00414386701393426
"HR1308",0.885369018039695,1,0.00414386701393426
"HR1309",0.0826064582222005,1,0.00414386701393426
"HR1310",-1.26340042761959,0,0.00414386701393426
"HR1315",-0.988694883657066,0,0.00414386701393426
"HR1316",1.1860320164146,1,0.00414386701393426
"HR1319",0.382660753826964,1,0.00414386701393426
"HR1320",1.57965414856007,1,0.00414386701393426
"HR1363",-0.799957360840363,0,0.00414386701393426
"HR1365",0.494332643588477,1,0.00414386701393426
"HR1369",0.421906336999618,1,0.00414386701393426
"HR1373",0.74216022171365,1,0.00414386701393426
"HR1377",0.59469178484967,1,0.00414386701393426
"HR1379",0.871128074427121,1,0.00414386701393426
"HR1381",1.68688465305627,1,0.00414386701393426
"HR1382",1.36740778944953,1,0.00414386701393426
"HR1383",0.125222232693605,1,0.00414386701393426
"HR1384",-0.876205151224733,0,0.00414386701393426
"HR1386",-0.973677603013478,0,0.00414386701393426
"HR1387",-0.850179305073584,0,0.00414386701393426
"HR1389",-0.0878441933944284,0,0.00414386701393426
"HR1390",-0.649555982275558,0,0.00414386701393426
"HR1391",1.17990461762663,1,0.00414386701393426
"HR1392",-0.624015011914639,0,0.00414386701393426
"HR1393",0.638330013268926,1,0.00414386701393426
"HR1394",1.07319470562483,1,0.00414386701393426
"HR1395",0.303829460841684,1,0.00414386701393426
"HR1396",-0.467170576226823,0,0.00414386701393426
"HR1398",1.31728711783133,1,0.00414386701393426
"HR1400",1.09580314083623,1,0.00414386701393426
"HR1401",-0.0545485925288232,0,0.00414386701393426
"HR1402",0.254304235654449,1,0.00414386701393426
"HR1403",-0.885332226391527,0,0.00414386701393426
"HR1405",-0.120690603643112,0,0.00414386701393426
"HR1406",-0.502088881093215,0,0.00414386701393426
"HR1407",-0.749551812001703,0,0.00414386701393426
"HR1408",-0.497711712977714,0,0.00414386701393426
"HR1411",1.92416792739584,1,0.00414386701393426
"HR1413",-1.2271490336052,0,0.00414386701393426
"HR1414",0.359633493842079,1,0.00414386701393426
"HR1415",-0.834672495595506,0,0.00414386701393426
"HR1416",0.184524769110387,1,0.00414386701393426
"HR1421",0.825132800660772,1,0.00414386701393426
"HR1422",1.55684306466261,1,0.00414386701393426
"HR1424",1.28485521328063,1,0.00414386701393426
"HR1425",0.655550954678018,1,0.00414386701393426
"HR1428",0.728744980258694,1,0.00414386701393426
"HR1435",1.05164386876694,1,0.00414386701393426
"HR1437",0.677850630890656,1,0.00414386701393426
"HR1441",1.2574939013648,1,0.00414386701393426
"HR1451",-0.584242060805695,0,0.00414386701393426
"HR1454",0.735339952110388,1,0.00414386701393426
"HR1455",0.667155425680255,1,0.00414386701393426
"HR1458",-0.933237138220701,0,0.00414386701393426
"HR1459",0.233729154845966,1,0.00414386701393426
"HR1460",1.02553269760374,1,0.00414386701393426
"HR1461",0.00603059293645603,1,0.00414386701393426
"HR1464",0.367459600067,1,0.00414386701393426
"HR1469",0.339505481371952,1,0.00414386701393426
"HR1474",-0.516201989119584,0,0.00414386701393426
"HR1475",1.01320375918957,1,0.00414386701393426
"HR1482",-0.501665816478591,0,0.00414386701393426
"HR1485",0.31289571513468,1,0.00414386701393426
"HR1487",-1.16308411589926,0,0.00414386701393426
"HR1489",0.563978007206236,1,0.00414386701393426
"HR1490",-1.17008737489792,0,0.00414386701393426
"HR1551",0.776408731099536,1,0.00414386701393426
"HR1552",-0.716513424454926,0,0.00414386701393426
"HR1554",0.409003726570484,1,0.00414386701393426
"HR1600",1.06821261700754,1,0.00414386701393426
"HR1601",-1.00427338143545,0,0.00414386701393426
"HR1602",-0.92438894252628,0,0.00414386701393426
"HR1603",-0.457108779572073,0,0.00414386701393426
"HR1604",0.186172296599318,1,0.00414386701393426
"HR1605",0.776728526472445,1,0.00414386701393426
"HR1606",-0.685356548100144,0,0.00414386701393426
"HR1607",0.183251673662665,1,0.00414386701393426
"HR1609",-0.865816153955097,0,0.00414386701393426
"HR1610",1.11654983996556,1,0.00414386701393426
"HR1611",0.253438245031197,1,0.00414386701393426
"HR1612",0.325244650600478,1,0.00414386701393426
"HR1613",1.21369313758142,1,0.00414386701393426
"HR1614",0.71281642088984,1,0.00414386701393426
"HR1615",0.140268815873509,1,0.00414386701393426
"HR1616",1.54002925250917,1,0.00414386701393426
"HR1617",0.478999342290517,1,0.00414386701393426
"HR1618",-0.905209789450148,0,0.00414386701393426
"HR1619",1.19968804783893,1,0.00414386701393426
"HR1620",0.301530360404094,1,0.00414386701393426
"HR1621",0.938341459983292,1,0.00414386701393426
"HR1622",-0.996102144816943,0,0.00414386701393426
"HR1623",-0.744804310517297,0,0.00414386701393426
"HR1624",-1.09617777658357,0,0.00414386701393426
"HR1625",-0.904794300910939,0,0.00414386701393426
"HR1626",1.12932665256088,1,0.00414386701393426
"HR1627",1.11864193313248,1,0.00414386701393426
"HR1628",-1.34690632681442,0,0.00414386701393426
"HR1629",1.33391410993285,1,0.00414386701393426
"HR1630",-0.6024657170171,0,0.00414386701393426
"HR1631",0.272914043639576,1,0.00414386701393426
"HR1632",0.385409538135019,1,0.00414386701393426
"HR1633",1.25494954756001,1,0.00414386701393426
"HR1634",-1.33961287146821,0,0.00414386701393426
"HR1635",-1.02002232857636,0,0.00414386701393426
"HR1636",1.01375311415839,1,0.00414386701393426
"HR1637",0.291742090912496,1,0.00414386701393426
"HR1639",-1.11098940898769,0,0.00414386701393426
"HR1640",0.198915860903672,1,0.00414386701393426
"HR1641",-0.997921330335751,0,0.00414386701393426
"HR1642",-0.917452422835634,0,0.00414386701393426
"HR1643",1.04638274389979,1,0.00414386701393426
"HR1644",1.75013228351898,1,0.00414386701393426
"HR1645",1.02909189925827,1,0.00414386701393426
"HR1646",-1.05488606302898,0,0.00414386701393426
"HR1647",1.26506660367735,1,0.00414386701393426
"HR1649",0.432051418191584,1,0.00414386701393426
"HR1650",0.269626084219238,1,0.00414386701393426
"HR1651",-0.552724532656674,0,0.00414386701393426
"HR1652",0.186856527836422,1,0.00414386701393426
"HR1653",-0.367618359927973,0,0.00414386701393426
"HR1654",1.93936547768943,1,0.00414386701393426
"HR1656",-0.0111616695431667,0,0.00414386701393426
"HR1657",2.04458352884461,1,0.00414386701393426
"HR1658",-0.439007260007121,0,0.00414386701393426
"HR1659",-1.1163073244286,0,0.00414386701393426
"HR1660",0.0891359729175692,1,0.00414386701393426
"HR1661",0.1267667991199,1,0.00414386701393426
"HR1662",-1.26914558145455,0,0.00414386701393426
"HR1663",1.59390174182212,1,0.00414386701393426
"HR1664",-1.09884546584361,0,0.00414386701393426
"HR1665",1.05022283649526,1,0.00414386701393426
"HR1666",-0.084416937753294,0,0.00414386701393426
"HR1667",-0.907746016991406,0,0.00414386701393426
"HR1668",-1.59426549719972,0,0.00414386701393426
"HR1669",1.04724884032243,1,0.00414386701393426
"HR1670",0.105101657730161,1,0.00414386701393426
"HR1671",1.19738861235373,1,0.00414386701393426
"HR1672",0.885583503818689,1,0.00414386701393426
"HR1673",-0.88994299167644,0,0.00414386701393426
"HR1674",1.2234186459858,1,0.00414386701393426
"HR1675",-0.894888481491746,0,0.00414386701393426
"HR1676",-1.09459718905942,0,0.00414386701393426
"HR1677",-0.967967401738006,0,0.00414386701393426
"HR1678",1.077997303478,1,0.00414386701393426
"HR1679",-1.14086241772588,0,0.00414386701393426
"HR1680",-0.60662354977126,0,0.00414386701393426
"HR1681",0.346527385774313,1,0.00414386701393426
"HR1682",-0.348521495990479,0,0.00414386701393426
"HR1683",-1.11040542977309,0,0.00414386701393426
"HR1684",-0.737634852864167,0,0.00414386701393426
"HR1686",0.161913606619766,1,0.00414386701393426
"HR1687",0.265241177874233,1,0.00414386701393426
"HR1688",0.368088100329421,1,0.00414386701393426
"HR1689",0.673033738975356,1,0.00414386701393426
"HR1690",-0.598078407731243,0,0.00414386701393426
"HR1691",1.41542724375301,1,0.00414386701393426
"HR1692",0.831483612790317,1,0.00414386701393426
"HR1693",-0.73982325372094,0,0.00414386701393426
"HR1695",0.012054563402238,1,0.00414386701393426
"HR1696",-0.838784442348051,0,0.00414386701393426
"HR1697",0.351728243087302,1,0.00414386701393426
"HR1698",0.126883406548656,1,0.00414386701393426
"HR1699",-0.928484602675862,0,0.00414386701393426
"HR1700",0.549036472765785,1,0.00414386701393426
"HR1701",-1.30802929100445,0,0.00414386701393426
"HR1702",0.255481901999915,1,0.00414386701393426
"HR1703",1.73781184112732,1,0.00414386701393426
"HR1704",0.555817186175904,1,0.00414386701393426
"HR1705",0.688252802645138,1,0.00414386701393426
"HR1706",-0.00423636587937424,0,0.00414386701393426
"HR1707",0.57160960655044,1,0.00414386701393426
"HR1708",0.214284758708909,1,0.00414386701393426
"HR1709",-1.34856870084689,0,0.00414386701393426
"HR1711",0.258977481098864,1,0.00414386701393426
"HR1712",-0.695749511294417,0,0.00414386701393426
"HR1713",1.65711640999179,1,0.00414386701393426
"HR1714",-0.293301468557811,0,0.00414386701393426
"HR1715",0.629300048557633,1,0.00414386701393426
"HR1716",0.330090763743576,1,0.00414386701393426
"HR1717",1.06890115732189,1,0.00414386701393426
"HR1718",0.313779634147304,1,0.00414386701393426
"HR1719",1.3737874439716,1,0.00414386701393426
"HR1720",-0.859502055725761,0,0.00414386701393426
"HR1721",-1.28501848779649,0,0.00414386701393426
"HR1722",1.77008955877042,1,0.00414386701393426
"HR1723",-0.921918120372367,0,0.00414386701393426
"HR1724",-0.0531960364650278,0,0.00414386701393426
"HR1725",-1.38502769887566,0,0.00414386701393426
"HR1726",0.166435250264744,1,0.00414386701393426
"HR1727",-0.807718293115349,0,0.00414386701393426
"HR1728",-1.17670242819411,0,0.00414386701393426
"HR1729",-0.44675346730694,0,0.00414386701393426
"HR1730",1.37813076111981,1,0.00414386701393426
"HR1731",1.41877280969676,1,0.00414386701393426
"HR1732",0.647979831951876,1,0.00414386701393426
"HR1733",0.00414386701393426,1,0.00414386701393426
"HR1734",1.27142490958725,1,0.00414386701393426
"HR1735",-0.131612430031251,0,0.00414386701393426
"HR1736",0.916440432989135,1,0.00414386701393426
"HR1737",1.68512281082781,1,0.00414386701393426
"HR1738",1.77075040899517,1,0.00414386701393426
"HR1739",-0.855719482100577,0,0.00414386701393426
"HR1740",0.0677094504215694,1,0.00414386701393426
"HR1741",0.413716605029363,1,0.00414386701393426
"HR1742",0.850850666463237,1,0.00414386701393426
"HR1743",-1.03740307720283,0,0.00414386701393426
"HR1744",-1.31413656442777,0,0.00414386701393426
"HR1745",-1.21520284886395,0,0.00414386701393426
"HR1746",1.7382824185939,1,0.00414386701393426
"HR1747",1.16165971185146,1,0.00414386701393426
"HR1748",1.34193394626249,1,0.00414386701393426
"HR1749",-0.899523032882188,0,0.00414386701393426
"HR1750",0.703055262378907,1,0.00414386701393426
"HR1751",-0.956065075648677,0,0.00414386701393426
"HR1752",-0.798290676298095,0,0.00414386701393426
"HR1753",1.15963596358283,1,0.00414386701393426
"HR1755",-0.910053426379918,0,0.00414386701393426
"HR1756",-1.15699645263115,0,0.00414386701393426
"HR1757",-0.931350207579946,0,0.00414386701393426
"HR1758",-0.787179665870245,0,0.00414386701393426
"HR1759",-0.260352795686502,0,0.00414386701393426
"HR1760",-1.37734290095423,0,0.00414386701393426
"HR1761",-0.574865413222985,0,0.00414386701393426
"HR1762",0.468827507263238,1,0.00414386701393426
"HR1763",-1.24292873312471,0,0.00414386701393426
"HR1764",-0.486925728975805,0,0.00414386701393426
"HR1765",-0.155212467327971,0,0.00414386701393426
"HR1766",-0.926594580292243,0,0.00414386701393426
"HR1767",-0.0377571792389918,0,0.00414386701393426
"HR1768",-1.07084276151116,0,0.00414386701393426
"HR1769",0.073046542328712,1,0.00414386701393426
"HR1770",-1.24794756854571,0,0.00414386701393426
"HR1771",0.179819184263734,1,0.00414386701393426
"HR1772",-0.985060709262453,0,0.00414386701393426
"HR1773",-0.0836778750357445,0,0.00414386701393426
"HR1774",-1.12778455795608,0,0.00414386701393426
"HR1775",-1.25654304667326,0,0.00414386701393426
"HR1776",-0.824380185223579,0,0.00414386701393426
"HR1777",0.999192068110618,1,0.00414386701393426
"HR1778",0.497477310055555,1,0.00414386701393426
"HR1779",0.557190833179119,1,0.00414386701393426
"HR1780",0.727632141154397,1,0.00414386701393426
"HR1781",0.341733713716283,1,0.00414386701393426
"HR1782",-1.08218996728774,0,0.00414386701393426
"HR1783",-1.06501886386694,0,0.00414386701393426
"HR1784",-1.02528042034443,0,0.00414386701393426
"HR1785",1.05948314349939,1,0.00414386701393426
"HR1786",-0.788356598612993,0,0.00414386701393426
"HR1787",1.27165573783336,1,0.00414386701393426
"HR1788",-1.39459914536295,0,0.00414386701393426
"HR1789",-0.855419503598532,0,0.00414386701393426
"HR1790",0.456376867950395,1,0.00414386701393426
"HR1791",1.60049781703573,1,0.00414386701393426
"HR1792",-1.19953487185006,0,0.00414386701393426
"HR1793",-1.22383840462527,0,0.00414386701393426
"HR1794",-0.977207077107001,0,0.00414386701393426
"HR1795",0.10435849039492,1,0.00414386701393426
"HR1796",1.81473409240648,1,0.00414386701393426
"HR1798",-0.179296390976219,0,0.00414386701393426
"HR1799",-0.874527481598511,0,0.00414386701393426
"HR1800",-1.19236582059788,0,0.00414386701393426
"HR1801",1.60622135956806,1,0.00414386701393426
"HR1802",0.170728802144119,1,0.00414386701393426
"HR1804",-0.37176048851848,0,0.00414386701393426
"HR1805",1.35435553995896,1,0.00414386701393426
"HR1806",0.243655284766965,1,0.00414386701393426
"HR1807",0.70013733916094,1,0.00414386701393426
"HR1808",0.640780877042485,1,0.00414386701393426
"HR1809",0.904206707142236,1,0.00414386701393426
"HR1810",0.500924326707939,1,0.00414386701393426
"HR1811",-1.26551321472812,0,0.00414386701393426
"HR1812",1.14229664715341,1,0.00414386701393426
"HR1813",-1.08804081513526,0,0.00414386701393426
"HR1814",0.222718468615171,1,0.00414386701393426
"HR1815",0.968220468593713,1,0.00414386701393426
"HR1816",0.260079082383036,1,0.00414386701393426
"HR1817",1.34861687225508,1,0.00414386701393426
"HR1818",0.594658740499483,1,0.00414386701393426
"HR1819",0.765554533796375,1,0.00414386701393426
"HR1820",-0.616029688475192,0,0.00414386701393426
"HR1821",-0.858199232201521,0,0.00414386701393426
"HR1822",1.42587828025033,1,0.00414386701393426
"HR1823",-1.00370493673591,0,0.00414386701393426
"HR1824",-0.958505536752144,0,0.00414386701393426
"HR1825",-0.750056984272112,0,0.00414386701393426
"HR1826",0.00994409104629256,1,0.00414386701393426
"HR1827",0.904621860368645,1,0.00414386701393426
"HR1828",-0.2384681625886,0,0.00414386701393426
"HR1829",0.353364871387739,1,0.00414386701393426
"HR1831",0.592827467149768,1,0.00414386701393426
"HR1832",-0.27172172180207,0,0.00414386701393426
"HR1833",1.08764770553803,1,0.00414386701393426
"HR1834",0.37178657079261,1,0.00414386701393426
"HR1835",-0.677763114987531,0,0.00414386701393426
"HR1836",1.50010620923278,1,0.00414386701393426
"HR1837",-0.144462668323649,0,0.00414386701393426
"HR1838",-0.839885484004573,0,0.00414386701393426
"HR1839",-0.45852516175337,0,0.00414386701393426
"HR1840",0.809288543868165,1,0.00414386701393426
"HR1841",-0.774206749765459,0,0.00414386701393426
"HR1842",-0.603626139208935,0,0.00414386701393426
"HR1843",0.536839851404399,1,0.00414386701393426
"HR1844",0.844115065809652,1,0.00414386701393426
"HR1846",-0.0235155900947871,0,0.00414386701393426
"HR1847",-1.18873640499959,0,0.00414386701393426
"HR1848",-0.794745995030671,0,0.00414386701393426
"HR1849",1.13697187264492,1,0.00414386701393426
"HR1850",0.858530867677475,1,0.00414386701393426
"HR1851",1.76633894758687,1,0.00414386701393426
"HR1852",-1.07913068758634,0,0.00414386701393426
"HR1854",0.0569483045107617,1,0.00414386701393426
"HR1855",-1.03016550949978,0,0.00414386701393426
"HR1856",0.116689996109061,1,0.00414386701393426
"HR1857",-0.438375329720203,0,0.00414386701393426
"HR1858",-0.547333804999092,0,0.00414386701393426
"HR1859",0.657006535072178,1,0.00414386701393426
"HR1860",-0.451119977882786,0,0.00414386701393426
"HR1862",0.566387877756606,1,0.00414386701393426
"HR1863",-0.0222454987630401,0,0.00414386701393426
"HR1864",0.478739449539401,1,0.00414386701393426
"HR1865",0.186963081859391,1,0.00414386701393426
"HR1866",-0.849740752265567,0,0.00414386701393426
"HR1867",-0.471945090017923,0,0.00414386701393426
"HR1868",-0.0246797248405577,0,0.00414386701393426
"HR1869",-1.26714311980934,0,0.00414386701393426
"HR1871",-1.29892734772867,0,0.00414386701393426
"HR1872",0.758370065427242,1,0.00414386701393426
"HR1873",1.14503328516477,1,0.00414386701393426
"HR1874",0.265068171549332,1,0.00414386701393426
"HR1875",1.24551943584711,1,0.00414386701393426
"HR1876",-1.25241842643294,0,0.00414386701393426
"HR1877",0.360963251335265,1,0.00414386701393426
"HR1878",-0.0085077108734228,0,0.00414386701393426
"HR1879",0.998977677994765,1,0.00414386701393426
"HR1880",0.636243492021283,1,0.00414386701393426
"HR1881",-0.456316510379086,0,0.00414386701393426
"HR1882",1.13541437931941,1,0.00414386701393426
"HR1883",1.43826000015542,1,0.00414386701393426
"HR1884",-0.679136056233197,0,0.00414386701393426
"HR5019",-0.944310955992599,0,0.00414386701393426
"HR5103",1.00807157548615,1,0.00414386701393426
"HR5109",-1.12991066146803,0,0.00414386701393426
"HR5111",-1.21135131398413,0,0.00414386701393426
"HR5117",-0.694342187232349,0,0.00414386701393426
"HR5147",-0.824731412291759,0,0.00414386701393426
"HR5148",0.823690010027304,1,0.00414386701393426
"HR5165",-0.912774159036461,0,0.00414386701393426
"HR5168",1.06875161491419,1,0.00414386701393426
"HR5170",-0.860411975993582,0,0.00414386701393426
"HR5172",1.01822256357316,1,0.00414386701393426
"HR5179",-0.282987966464911,0,0.00414386701393426
"HR5206",-0.824408823902494,0,0.00414386701393426
"HR5212",1.29386631868363,1,0.00414386701393426
"HR5218",-0.887640280092331,0,0.00414386701393426
"HR5236",1.08528209390551,1,0.00414386701393426
"HR5238",1.05762757389426,1,0.00414386701393426
"HR5239",1.46464732441081,1,0.00414386701393426
"HR5240",1.19973212277956,1,0.00414386701393426
"HR5241",-0.819567886097351,0,0.00414386701393426
"HR5243",0.254500029962662,1,0.00414386701393426
"HR5244",1.32487879371914,1,0.00414386701393426
"HR5245",0.420999343374248,1,0.00414386701393426
"HR5246",-0.472940595373195,0,0.00414386701393426
"HR5247",0.658726683956462,1,0.00414386701393426
"HR5248",-0.0446393745968309,0,0.00414386701393426
"HR5250",-1.37223006869003,0,0.00414386701393426
"HR5253",-0.467801146941376,0,0.00414386701393426
"HR5255",-1.04649670580886,0,0.00414386701393426
"HR5257",1.00828415313158,1,0.00414386701393426
"HR5259",-0.896413199823986,0,0.00414386701393426
"HR5260",-0.614450367771125,0,0.00414386701393426
"HR5263",-1.09146248956005,0,0.00414386701393426
"HR5266",1.28862985347923,1,0.00414386701393426
"HR5267",-1.23260361821676,0,0.00414386701393426
"HR5270",1.19071579936632,1,0.00414386701393426
"HR5271",-0.949795300593344,0,0.00414386701393426
"HR5272",-1.2356393038028,0,0.00414386701393426
"HR5273",-0.76303417209799,0,0.00414386701393426
"HR5274",0.211949562546734,1,0.00414386701393426
"HR5275",0.149417738427663,1,0.00414386701393426
"HR5276",0.928445564468497,1,0.00414386701393426
"HR5277",-0.801225046216518,0,0.00414386701393426
"HR5278",-0.750786997754624,0,0.00414386701393426
"HR5279",0.00751229292125063,1,0.00414386701393426
"HR5280",-1.09991656707476,0,0.00414386701393426
"HR5282",1.50531562750067,1,0.00414386701393426
"HR5283",-0.517048599070604,0,0.00414386701393426
"HR5285",-0.582981829638701,0,0.00414386701393426
"HR5286",-1.26832984720465,0,0.00414386701393426
"HR5287",-0.10239006893937,0,0.00414386701393426
"HR5289",-0.735207229986259,0,0.00414386701393426
"HR5292",-0.0832849102469174,0,0.00414386701393426
"HR5293",-0.582125768466397,0,0.00414386701393426
"HR5295",-0.397687434097971,0,0.00414386701393426
"HR5296",0.158371070897979,1,0.00414386701393426
"HR5298",1.37930216364482,1,0.00414386701393426
"HR5299",-1.07567508420655,0,0.00414386701393426
"HR5300",-1.00730805777471,0,0.00414386701393426
"HR5301",-1.12234626296073,0,0.00414386701393426
"HR5303",1.62374787543766,1,0.00414386701393426
"HR5314",-1.32944906167302,0,0.00414386701393426
"HR5316",-1.13651791861467,0,0.00414386701393426
"HR5317",0.8151829132097,1,0.00414386701393426
"HR5318",-1.4744662126506,0,0.00414386701393426
"HR5319",0.0722490032199921,1,0.00414386701393426
"HR5322",-0.821874966620208,0,0.00414386701393426
"HR5324",-1.02356228646389,0,0.00414386701393426
"HR5325",-1.25709619834413,0,0.00414386701393426
"HR5333",0.703745448091053,1,0.00414386701393426
"HR5334",0.380271952096571,1,0.00414386701393426
"HR5335",-0.326909811954444,0,0.00414386701393426
"HR5336",-1.54840490408212,0,0.00414386701393426
"HR5337",-0.548851302485382,0,0.00414386701393426
"HR5341",0.751244462941281,1,0.00414386701393426
"HR5342",0.371490812628921,1,0.00414386701393426
"HR5343",0.475564952078281,1,0.00414386701393426
"HR5344",1.16252972757822,1,0.00414386701393426
"HR5345",-0.58552029752967,0,0.00414386701393426
"HR5348",1.22440142737018,1,0.00414386701393426
"HR5349",0.42603049065046,1,0.00414386701393426
"HR5350",-0.780767988539441,0,0.00414386701393426
"HR5352",1.12212088354446,1,0.00414386701393426
"HR5354",-0.0383850616134165,0,0.00414386701393426
"HR5357",0.86682713567266,1,0.00414386701393426
"HR5358",-0.769904593935157,0,0.00414386701393426
"HR5359",-1.12981068908425,0,0.00414386701393426
"HR5360",0.307835483497744,1,0.00414386701393426
"HR5362",0.345053638487607,1,0.00414386701393426
"HR5363",-0.894452617423369,0,0.00414386701393426
"HR5365",-1.31373455668673,0,0.00414386701393426
"HR5366",-0.843168926015553,0,0.00414386701393426
"HR5370",-0.512467404470282,0,0.00414386701393426
"HR5372",0.112176528805218,1,0.00414386701393426
"HR5376",-0.988393979204711,0,0.00414386701393426
"HR5379",-1.00239877123648,0,0.00414386701393426
"HR5381",0.424215227662528,1,0.00414386701393426
"HR5383",-0.303606391970626,0,0.00414386701393426
"HR5384",-0.100466980417234,0,0.00414386701393426
"HR5385",0.78700482327484,1,0.00414386701393426
"HR5387",-1.13181566526066,0,0.00414386701393426
"HR5390",-0.688836854507404,0,0.00414386701393426
"HR5392",-0.88819593150934,0,0.00414386701393426
"HR5393",-1.10070417813577,0,0.00414386701393426
"HR5394",-0.475390748583441,0,0.00414386701393426
"HR5399",-1.56873373882958,0,0.00414386701393426
"HR5402",0.776385989253622,1,0.00414386701393426
"HR5409",-1.10332302350283,0,0.00414386701393426
"HR5415",-0.0474813799466511,0,0.00414386701393426
"HR5424",-1.30402193957529,0,0.00414386701393426
"HR5425",-0.700108943287841,0,0.00414386701393426
"HR5426",0.807000411310207,1,0.00414386701393426
"HR5427",-1.16090832937747,0,0.00414386701393426
"HR5429",-0.846657486862217,0,0.00414386701393426
"HR5430",0.599002310997247,1,0.00414386701393426
"HR5431",-1.42183218099696,0,0.00414386701393426
"HR5434",1.55338951023483,1,0.00414386701393426
"HR5438",0.460911230913735,1,0.00414386701393426
"HR5439",1.6215417931266,1,0.00414386701393426
"HR5441",0.826290118823909,1,0.00414386701393426
"HR5442",1.43643855303819,1,0.00414386701393426
"HR5443",0.270308745132737,1,0.00414386701393426
"HR5444",1.63445740840839,1,0.00414386701393426
"HR5445",1.38006930021201,1,0.00414386701393426
"HR5446",-0.827806877135221,0,0.00414386701393426
"HR5452",-0.955754734473563,0,0.00414386701393426
"HR5468",-0.514248217021141,0,0.00414386701393426
"HR5473",0.994796008176074,1,0.00414386701393426
"HR5474",0.105926140040875,1,0.00414386701393426
"HR5475",0.909925899885444,1,0.00414386701393426
"HR5476",-1.00479070062435,0,0.00414386701393426
"HR5478",-0.79872800193634,0,0.00414386701393426
"HR5484",-0.605743311544949,0,0.00414386701393426
"HR5489",1.66268934260961,1,0.00414386701393426
"HR5493",0.769506962307997,1,0.00414386701393426
"HR5495",0.103930663228274,1,0.00414386701393426
"HR5496",-0.538999724061266,0,0.00414386701393426
"HR5499",-0.89685469748445,0,0.00414386701393426
"HR5500",-0.941544970537117,0,0.00414386701393426
"HR5501",-0.516951124538816,0,0.00414386701393426
"HR5503",-0.786668473046027,0,0.00414386701393426
"HR5510",-1.10067444158431,0,0.00414386701393426
"HR5517",-0.529184537090743,0,0.00414386701393426
"HR5523",-0.941168111590982,0,0.00414386701393426
"HR5525",-1.2565741988227,0,0.00414386701393426
"HR5526",0.740997001278052,1,0.00414386701393426
"HR5527",0.520437894959589,1,0.00414386701393426
"HR5532",1.34318920888597,1,0.00414386701393426
"HR5579",0.0947049362651597,1,0.00414386701393426
"HR5580",1.20990108909506,1,0.00414386701393426
"HR5581",0.0703863163743865,1,0.00414386701393426
"HR5582",0.100747569337209,1,0.00414386701393426
"HR5583",-0.907678998648944,0,0.00414386701393426
"HR5600",0.560767752419391,1,0.00414386701393426
"HR5601",-1.4063525815784,0,0.00414386701393426
"HR5602",1.01246089210619,1,0.00414386701393426
"HR5603",-0.296963368324358,0,0.00414386701393426
"HR5604",-1.00742178101071,0,0.00414386701393426
"HR5605",-0.972400651974427,0,0.00414386701393426
"HR5606",1.56995282391148,1,0.00414386701393426
"HR5608",-0.778014172215294,0,0.00414386701393426
"HR5609",-0.965757534272772,0,0.00414386701393426
"HR5610",-0.993818024766413,0,0.00414386701393426
"HR5611",-1.1220453835124,0,0.00414386701393426
"HR5612",1.6614982438225,1,0.00414386701393426
"HR5613",0.925354521738093,1,0.00414386701393426
"HR5614",-0.572045943659114,0,0.00414386701393426
"HR5615",1.23918684067345,1,0.00414386701393426
"HR5616",-1.31830985387147,0,0.00414386701393426
"HR5617",-0.167570517976983,0,0.00414386701393426
"HR5618",0.476983645442558,1,0.00414386701393426
"HR5620",-1.2578082334397,0,0.00414386701393426
"HR5621",1.53912496828452,1,0.00414386701393426
"HR5622",-0.661369828614174,0,0.00414386701393426
"HR5623",-0.292778880659853,0,0.00414386701393426
"HR5624",0.142986747950188,1,0.00414386701393426
"HR5625",-0.860680294376468,0,0.00414386701393426
"HR5626",-0.412108186758756,0,0.00414386701393426
"HR5627",-1.19479861690522,0,0.00414386701393426
"HR5628",0.196549183701919,1,0.00414386701393426
"HR5629",0.54514940915068,1,0.00414386701393426
"HR5630",0.101870567117032,1,0.00414386701393426
"HR5631",-1.24767376731382,0,0.00414386701393426
"HR5632",0.817645725127311,1,0.00414386701393426
"HR5633",0.904435576655848,1,0.00414386701393426
"HR5634",-0.96535514167689,0,0.00414386701393426
"HR5635",-0.349033758727907,0,0.00414386701393426
"HR5636",-1.19466791332449,0,0.00414386701393426
"HR5637",-1.12977457290127,0,0.00414386701393426
"HR5638",0.64531391384894,1,0.00414386701393426
"HR5639",-0.429923348858413,0,0.00414386701393426
"HR5640",0.191474406510925,1,0.00414386701393426
"HR5641",0.136902097907904,1,0.00414386701393426
"HR5642",-0.716723721259875,0,0.00414386701393426
"HR5643",-0.83449387231886,0,0.00414386701393426
"HR5644",0.127296501126094,1,0.00414386701393426
"HR5645",-1.23119444922145,0,0.00414386701393426
"HR5646",1.2804912849039,1,0.00414386701393426
"HR5647",-0.166758574167283,0,0.00414386701393426
"HR5648",0.157382324099323,1,0.00414386701393426
"HR5649",-0.985746202269825,0,0.00414386701393426
"HR5650",-0.180495564636955,0,0.00414386701393426
"HR5651",-1.21407582135047,0,0.00414386701393426
"HR5652",-1.23988799524963,0,0.00414386701393426
"HR5653",-0.438643157217691,0,0.00414386701393426
"HR5654",0.356934483824853,1,0.00414386701393426
"HR5655",-0.652195715703224,0,0.00414386701393426
"HR5656",-1.06861025466327,0,0.00414386701393426
"HR5657",0.599795079281783,1,0.00414386701393426
"HR5658",0.508483806957634,1,0.00414386701393426
"HR5659",-1.3092555526672,0,0.00414386701393426
"HR5660",-0.878755058850174,0,0.00414386701393426
"HR5661",-1.27819027541203,0,0.00414386701393426
"HR5662",-0.210177587929874,0,0.00414386701393426
"HR5663",0.927540437189448,1,0.00414386701393426
"HR5664",-0.956521630191969,0,0.00414386701393426
"HR5665",-0.417649680810156,0,0.00414386701393426
"HR5666",0.834077375638802,1,0.00414386701393426
"HR5667",-1.38580272705401,0,0.00414386701393426
"HR5668",-0.764879455606443,0,0.00414386701393426
"HR5669",0.441220260137081,1,0.00414386701393426
"HR5670",-0.996510026941518,0,0.00414386701393426
"HR5671",1.35361379398479,1,0.00414386701393426
"HR5672",-1.23042136352222,0,0.00414386701393426
"HR5673",0.787207335452919,1,0.00414386701393426
"HR5674",-0.624896646397289,0,0.00414386701393426
"HR5675",-1.30120339952508,0,0.00414386701393426
"HR5676",-0.459779334239885,0,0.00414386701393426
"HR5677",-1.10533948454559,0,0.00414386701393426
"HR5678",0.845348189892174,1,0.00414386701393426
"HR5679",1.16185869057038,1,0.00414386701393426
"HR5680",0.999134249999588,1,0.00414386701393426
"HR5681",-0.925167739002284,0,0.00414386701393426
"HR5682",-0.338925197155243,0,0.00414386701393426
"HR5683",0.011305224320408,1,0.00414386701393426
"HR5684",-0.145486132206186,0,0.00414386701393426
"HR5685",-1.0823941739937,0,0.00414386701393426
"HR5686",1.0167923487168,1,0.00414386701393426
"HR5687",0.546937728081369,1,0.00414386701393426
"HR5688",-0.797013173457877,0,0.00414386701393426
"HR5689",1.3111437067348,1,0.00414386701393426
"HR5690",-0.55475743302941,0,0.00414386701393426
"HR5691",-0.805685089264171,0,0.00414386701393426
"HR5692",-1.07153854161185,0,0.00414386701393426
"HR5693",-1.03427867917673,0,0.00414386701393426
"HR5694",1.23674295286692,1,0.00414386701393426
"HR5695",-0.0181685989405016,0,0.00414386701393426
"HR5696",-0.676341822781513,0,0.00414386701393426
"HR5697",0.292310839955587,1,0.00414386701393426
"HR5698",-0.788115310921804,0,0.00414386701393426
"HR5699",-0.941179404915167,0,0.00414386701393426
"HR5700",-1.13161369463721,0,0.00414386701393426
"HR5701",-1.01300768292428,0,0.00414386701393426
"HR5703",-0.903972887783113,0,0.00414386701393426
"HR5704",1.64576101142173,1,0.00414386701393426
"HR5705",0.607189258531362,1,0.00414386701393426
"HR5706",0.194237763886588,1,0.00414386701393426
"HR5707",0.0989407388546339,1,0.00414386701393426
"HR5708",-1.26924440781633,0,0.00414386701393426
"HR5709",-0.751592016192259,0,0.00414386701393426
"HR5710",1.25276679533836,1,0.00414386701393426
"HR5725",0.642013577115354,1,0.00414386701393426
"HR5726",-0.790813044025542,0,0.00414386701393426
"SJ1079",-1.25642289680352,0,0.00414386701393426
"SJ1107",1.40651014581732,1,0.00414386701393426
"SJ1176",-0.213106239976626,0,0.00414386701393426
"SJ1241",0.996476442347768,1,0.00414386701393426
"SJ1423",-0.805261397455643,0,0.00414386701393426
"SJ5046",-1.09188715691176,0,0.00414386701393426
"SJ5108",-0.189593466881053,0,0.00414386701393426
"SJ5398",0.309672261968442,1,0.00414386701393426
"SJ5401",-1.03266702297709,0,0.00414386701393426
