"sample_id","molecular_T2_high","Repair_z","IFN_z","pred"
"HR1005",1,-0.19166135007259,-1.29623636415592,0.607845336815357
"HR1006",1,0.600660398849732,-1.32683098467607,0.490351119063628
"HR1009",1,0.642521602060703,-1.19116260231386,0.475129011558662
"HR1010",1,0.765214931042499,-1.4592768962773,0.473828001929853
"HR1012",0,-0.839989727352027,2.54075355782616,0.458895595164016
"HR1016",1,-0.277452933758745,-0.912689248861371,0.596480902128371
"HR1038",1,-1.47933871221847,-1.35022074026638,0.775613450993241
"HR1046",1,0.195745121071837,0.0275190662262535,0.464132027150411
"HR1065",0,0.327413989291127,-1.27559333764232,0.528781539364816
"HR1082",1,-0.0174482824126422,-0.522121905310289,0.532442940886068
"HR1089",1,1.61912204445481,4.79419391553473,0.0947706404645268
"HR1100",1,0.134872257923186,-0.703213473517831,0.520970782058661
"HR1111",1,-1.24355900812829,-0.419204181123676,0.701283564645658
"HR1112",0,1.24209689606073,-0.739899691317921,0.358003577286598
"HR1114",0,-1.71691347335589,0.242365617315015,0.725257260157241
"HR1115",1,-0.72143680757577,-0.606032563402265,0.641665891354908
"HR1117",0,-0.759986674830628,1.33813134982399,0.524882937034437
"HR1124",0,-0.905781800121768,0.0483558306643255,0.628292041496085
"HR1149",1,-1.06420849922655,-0.93905504022999,0.706640578574986
"HR1156",0,1.05805947499675,0.0841478610151103,0.334892254680542
"HR1159",1,-0.386404711231163,0.173211603397171,0.543526391295275
"HR1160",0,1.87172279235042,5.32938718037001,0.0723760263539434
"HR1168",0,-0.435927868793,0.20810901417833,0.548783944260115
"HR1169",1,-0.0983285330024185,-0.0307109750921181,0.512847904936587
"HR1170",1,-1.17535162549845,-0.501429083547726,0.697011062601116
"HR1171",0,-1.56788796186356,0.201179092643958,0.708937941765451
"HR1173",0,0.285625764102469,0.308405013908263,0.432439018597343
"HR1179",1,-0.902742016627737,-0.902868369471459,0.683713469262488
"HR1180",0,0.396145529366161,-0.607885045811361,0.474825146902356
"HR1181",1,-2.2456612943032,-0.232163524586276,0.805006884117877
"HR1182",1,0.654487734529472,-0.0641149905869437,0.401178910831013
"HR1184",1,-0.165481357722204,-1.60945783498232,0.623365564666934
"HR1186",0,-0.683670373486589,-0.906368405669543,0.654244301176907
"HR1188",1,-0.396541823776671,-0.820458434076644,0.608179002725066
"HR1191",1,1.71596622922092,-0.651301142595035,0.289647913100189
"HR1192",1,-0.686070893891796,2.01356406389657,0.469635113154513
"HR1193",0,-0.259675185587032,0.242828067303476,0.519704730229971
"HR1195",1,-2.147309704092,-1.09640017177931,0.829613642819674
"HR1197",0,-0.963968513054156,-0.627196530510273,0.676235745295508
"HR1200",0,-0.172282189500105,1.25315205000022,0.44081114537837
"HR1204",1,-0.402637272765187,-0.869938636706421,0.612132929568451
"HR1206",0,0.199295650353884,-0.332833417738771,0.487003715012145
"HR1207",0,-0.907251596251238,-0.33892322757548,0.651742321651932
"HR1208",0,0.36831811820672,-0.547287445255023,0.475134024275275
"HR1210",1,-0.477892965668229,-1.27462950393272,0.647435277932362
"HR1212",0,-0.349042290416458,0.156803601043201,0.538911146048251
"HR1213",1,-1.00019448128461,-0.649279612137383,0.682318550586164
"HR1214",1,0.850012527111316,2.75603504296979,0.221831069084133
"HR1216",1,0.712467370941442,-0.389674519796274,0.4130901431904
"HR1218",1,0.410945825302962,-1.15000108385415,0.507852903118729
"HR1219",1,-0.788266142259217,-0.634513401020386,0.652697380783695
"HR1221",1,-1.17461004036491,-1.02719159183993,0.72504882853332
"HR1223",0,-1.13000756436286,-0.261950224339293,0.67764252059078
"HR1226",1,0.200902971470034,-0.0938935909681223,0.471222018190457
"HR1227",0,-1.37923203849475,0.158536823582273,0.686950400279904
"HR1229",0,1.80384453101684,-0.40189588664433,0.265835621397164
"HR1230",1,-1.52149420908515,-0.0942563468286234,0.718861616166628
"HR1232",1,0.128240041706227,0.417735040349934,0.449154605607158
"HR1234",0,-0.506534798253903,-1.06959357083252,0.639198314166226
"HR1235",0,0.609048563807289,0.23382905315174,0.389269584175018
"HR1236",1,-0.00263437105327987,-1.51923868763346,0.594042218934212
"HR1239",0,1.52520580423661,-0.35922458156074,0.298077561556411
"HR1240",1,-1.00273071974482,-0.0828635552359666,0.649857378712594
"HR1244",1,-1.50889212115799,-0.557248408403091,0.74111061879726
"HR1245",0,0.168554161445719,-0.482323400926234,0.501441495457025
"HR1248",1,-1.32971406783488,-0.208531452910496,0.7008280172266
"HR1250",0,-0.118355936019147,-0.177528466036523,0.525456292033716
"HR1252",1,-0.900569174009477,-0.587732512603431,0.665398985511535
"HR1259",1,-0.793623086131272,-0.595218197835568,0.651117794899964
"HR1260",1,-1.81015401827241,-0.621047322729842,0.777770416889706
"HR1262",1,-0.421678016098037,-0.474730640314596,0.590240956967492
"HR1269",1,-0.361711274393845,0.911662899830302,0.491756719117351
"HR1272",0,0.688239268715883,-0.692966516571481,0.436014485998411
"HR1273",1,-0.686911577361917,-0.708498576197185,0.642946104795924
"HR1277",0,0.337658107809661,0.0957993640012802,0.438229844944441
"HR1283",0,-0.559996214023599,-0.190659110285788,0.592807211333189
"HR1286",0,0.587706334521097,-0.575943383828468,0.44365853623838
"HR1287",0,-0.281753075975959,-0.556585795545966,0.574605646318904
"HR1288",1,-0.343533252343262,0.152322855640509,0.538363544333546
"HR1289",1,-1.26768318167519,-0.222464132343172,0.693581388574538
"HR1292",1,0.608604695312306,0.171136765513256,0.393224871800364
"HR1295",1,-0.454598700904963,-0.439149078025207,0.592868188870734
"HR1298",0,-1.20377351668064,0.199773933393818,0.661007963996777
"HR1300",1,-1.03093351190902,-0.238563624458045,0.662898955731227
"HR1302",1,1.43025907267505,-0.880702191014113,0.340180100539027
"HR1308",1,-1.00588886421788,-0.451004342073755,0.671784846711658
"HR1309",1,0.128980340120617,1.01297946511147,0.4110470245089
"HR1310",0,0.851933074826134,0.50227309002752,0.338730731505451
"HR1315",0,1.223760856518,0.509053583578329,0.289410119648436
"HR1316",1,-0.414656954489593,-0.871309105431908,0.613962406949006
"HR1319",1,-1.36456795727501,0.210031100496513,0.68211524670411
"HR1320",1,0.082277251997258,-0.655985014597035,0.525929275995004
"HR1363",0,-0.425251323478578,-0.108189072036059,0.567495712201486
"HR1365",1,0.944928103556855,-0.514396703368318,0.386759431137088
"HR1369",1,0.162997718780589,-0.414553654290469,0.497876961764855
"HR1373",1,-0.695661953957504,-0.651755052998644,0.640778215315695
"HR1377",1,-1.46325386136658,-0.26247515376207,0.720514497704295
"HR1379",1,-0.233579424291338,0.0656055662764481,0.527240231229353
"HR1381",1,-0.297788064454256,-0.431533895707652,0.569030213377376
"HR1382",1,0.658182160801153,-0.688814608121426,0.440275893558831
"HR1383",1,-1.39938035680106,-0.426893698093843,0.721270233300361
"HR1384",0,-1.0264596708035,0.111342852124541,0.641603254975535
"HR1386",0,-0.657486717254369,-1.07503350802914,0.660533821559493
"HR1387",0,1.12895147364803,-0.599149576729952,0.365521509634153
"HR1389",0,1.44787854363706,-0.497811458786138,0.31582173329522
"HR1390",0,-1.30965641641793,-0.151147255745843,0.695088598164947
"HR1391",1,-0.381608294459314,-0.39338588069541,0.579140662930179
"HR1392",0,0.148508126410716,0.597834992225559,0.434523963377744
"HR1393",1,-1.21322012024975,-0.29023594637502,0.690241439451059
"HR1394",1,-1.06684393765139,-0.418658562823511,0.678118850514594
"HR1395",1,0.0187309438150511,-0.594425531718357,0.531621555359374
"HR1396",0,-0.166800747173695,-0.518230351052029,0.554861207778268
"HR1398",1,-0.538980026358203,-1.26109063769266,0.655123455658205
"HR1400",1,-0.681679300639036,-0.593955324198722,0.63532420454583
"HR1401",0,-1.04043347200036,-1.198076665179,0.717494384985023
"HR1402",1,-0.309591243315957,-0.645471002432903,0.584399954165843
"HR1403",0,0.593069145858753,-0.610042589694816,0.44504202963867
"HR1405",0,1.59000612624004,0.00677261837563771,0.270618458839436
"HR1406",0,-0.243709825692451,-0.733801948272957,0.580192569339693
"HR1407",0,1.16401262475628,0.552123114243333,0.294648748584757
"HR1408",0,-0.427941920322646,0.155641266518596,0.550958194474118
"HR1411",1,-0.593367619546504,-1.11622420411669,0.654113709272701
"HR1413",0,-0.476821347983214,-0.182894805168452,0.579973146356158
"HR1414",1,-1.29175454220714,-0.42889075838834,0.707946862398447
"HR1415",0,-0.296194552311966,-0.525099668911388,0.574760337584572
"HR1416",1,0.698243893103878,-0.583547345975471,0.427517803038444
"HR1421",1,-0.390245400062649,-0.897693032095512,0.612049578810754
"HR1422",1,-0.957001324139462,-1.34723759883291,0.71501742017252
"HR1424",1,-1.46625441994585,0.456326341844284,0.681691919829973
"HR1425",1,-0.124281056893047,-1.40329774302686,0.604662149017913
"HR1428",1,0.125557463196605,-1.1298592354188,0.550032096807422
"HR1435",1,-0.409049954786292,-0.369779174090823,0.581732064596906
"HR1437",1,-0.826574058729183,-0.345836921939793,0.640869494008449
"HR1441",1,-0.975494136053852,-0.678710212274956,0.680702354173741
"HR1451",0,-0.224050209676559,-0.166712504610442,0.540851564538954
"HR1454",1,-0.337860771001728,-0.485784471646557,0.5784838333891
"HR1455",1,-2.02772965010125,-0.34048448839959,0.787973738275656
"HR1458",0,1.72755569859678,0.153651008418283,0.247139453698416
"HR1459",1,0.206730157020027,1.51487633385102,0.368655040127982
"HR1460",1,-0.72114864448597,-1.05250533163127,0.667912770107027
"HR1461",1,1.76822729959356,0.189840162757466,0.240809877336142
"HR1464",1,-0.659547743592701,-0.530790436601175,0.628345509530314
"HR1469",1,0.706836277256561,-0.107555173617752,0.396213006392924
"HR1474",0,0.670794006121088,-0.343994424334777,0.416390820916567
"HR1475",1,-0.936200822970045,0.490290076134423,0.605481704860073
"HR1482",0,-0.352313284118794,-0.025999858612364,0.55121805452773
"HR1485",1,-0.860210433580848,-0.470765576496518,0.653005018936983
"HR1487",0,0.130320414448297,-0.637655124355301,0.517401878640169
"HR1489",1,-1.02358077960454,0.0191775481237426,0.646704067430385
"HR1490",0,0.0120926277633404,0.0289056059953478,0.492075741273829
"HR1551",1,1.24469937529338,-0.0823779856517508,0.31930705612159
"HR1552",0,-0.223792610970248,-0.014797568195057,0.530967879191451
"HR1554",1,-0.0177942991920825,0.232530064688825,0.483389031186337
"HR1600",1,-0.613475743881913,2.72139550061311,0.413269367429671
"HR1601",0,0.0995420247402019,0.428892141104279,0.45278278988865
"HR1602",0,1.07938584452815,0.442681646748097,0.311608343821306
"HR1603",0,-0.041654298388371,-0.130127007025263,0.510655153870917
"HR1604",1,-0.431402051241291,0.202300419225034,0.548472932665899
"HR1605",1,0.00280907125294556,-1.01726617690539,0.56133326284755
"HR1606",0,-0.445838635935029,-1.10014890091065,0.632441859782032
"HR1607",1,0.497061509722414,-1.8173732284163,0.538078858054292
"HR1609",0,0.242546723109004,-0.143147063942151,0.468071446221078
"HR1610",1,-0.317165537617131,-1.3635212327266,0.63008801977428
"HR1611",1,-0.600629708613707,-0.464804110553493,0.615828376176898
"HR1612",1,0.852489479351931,-1.08605637087521,0.436485933971066
"HR1613",1,0.842696107235793,-0.946178816966448,0.429010280837874
"HR1614",1,0.657224104759637,-0.294691412007628,0.415287281385271
"HR1615",1,0.0792053409581407,-0.295300880677521,0.502927224712461
"HR1616",1,-1.28825730556113,-0.755749652206042,0.724812556258107
"HR1617",1,-0.165009004439529,-0.984588420308259,0.58437297683215
"HR1618",0,-0.0121529986068355,0.927312018982192,0.437588490907937
"HR1619",1,-0.1903796016912,-0.313908575009902,0.54525618008606
"HR1620",1,0.596218009950732,2.20311617916991,0.277748834490664
"HR1621",1,-0.064243810466869,0.679232943365908,0.461466737848636
"HR1622",0,1.79038674030394,0.251935470936905,0.235414868579369
"HR1623",0,1.18337540804362,-0.486975527185135,0.351145078938538
"HR1624",0,0.281344863659108,-0.72312537724732,0.499872845445665
"HR1625",0,-1.17061021046211,0.181576780406166,0.657514509940732
"HR1626",1,0.0193170988182382,-0.258923739894275,0.509718079690123
"HR1627",1,-0.0919823426423933,-0.434609546331433,0.538116062886956
"HR1628",0,1.7892524872263,-0.312599755312616,0.263046702265425
"HR1629",1,-0.475677230964374,-0.263177415713754,0.584890359771745
"HR1630",0,-0.855327199665034,-0.254816979017078,0.639459301724837
"HR1631",1,-0.764312343490707,-1.1455398750182,0.679050984999877
"HR1632",1,-2.28457088406123,-0.512050697508419,0.819745520634343
"HR1633",1,0.846867718898568,-0.120215846698139,0.376681309024527
"HR1634",0,-0.283575355138099,-0.805298281833048,0.590634192875394
"HR1635",0,1.15202231682562,-0.337158165582585,0.346635580851303
"HR1636",1,0.780669154815905,0.153700617573721,0.369462631328847
"HR1637",1,0.430502495342377,0.38861080707489,0.405775222878954
"HR1639",0,0.570858908812306,-0.142429535716225,0.418489924758523
"HR1640",1,-0.889534060899213,-0.440418165702453,0.655275622783601
"HR1641",0,-0.884971490424689,-0.184547908676736,0.63942019141423
"HR1642",0,-0.119041607126732,0.404434573237318,0.48767619599421
"HR1643",1,-1.37537934550058,-0.809993610158167,0.738059323773777
"HR1644",1,-0.159557971113396,-0.809893616269575,0.572460378844087
"HR1645",1,1.19312828087551,-0.591182983870921,0.355986923717929
"HR1646",0,-1.25073794545669,0.0107133706895423,0.678260641848835
"HR1647",1,0.698268416495449,-0.801732157987959,0.441481946994823
"HR1649",1,-0.160895051446764,0.829631888944426,0.466429328306908
"HR1650",1,0.0567435694842201,0.0972620040859543,0.48080105004601
"HR1651",0,1.15776473592545,0.187770871854584,0.315581627189084
"HR1652",1,0.278217178620953,-1.02967938041137,0.520309298382567
"HR1653",0,0.281588525912648,1.03187938119061,0.38747294045898
"HR1654",1,-0.168070889736349,-0.971791713526332,0.584018150578151
"HR1656",0,0.493310623363977,-0.602855222735109,0.459699528451331
"HR1657",1,0.553842058673062,-1.27226623476428,0.493958077399743
"HR1658",0,-0.205789395227493,1.5337276021165,0.427887666251205
"HR1659",0,-0.613744740274721,0.553222275015071,0.553455971286066
"HR1660",1,0.038742929824114,1.75432741080866,0.378107509359182
"HR1661",1,0.555974521588195,1.14772997590026,0.341630778086273
"HR1662",0,0.266302266394225,-0.169248977813463,0.466146001635663
"HR1663",1,0.342115072582945,-0.604907310441781,0.482882120028125
"HR1664",0,0.516235249073521,-0.994152782655949,0.481602645647933
"HR1665",1,-0.323234989111329,-0.725134424472188,0.591451351362634
"HR1666",0,-0.456027000192737,2.79939622537192,0.385294308451937
"HR1667",0,0.662888428317045,-0.321008397919657,0.416110964108323
"HR1668",0,2.52658495385241,-0.661865794920091,0.199347984366986
"HR1669",1,0.00506603286949111,0.907613234121526,0.43625902470434
"HR1670",1,-1.57812696352672,1.48833040968166,0.636709994781993
"HR1671",1,-0.263159031884585,2.02400503602305,0.405375262135218
"HR1672",1,0.60279030574105,1.31928618797417,0.325329919944313
"HR1673",0,0.600867918294852,1.87981172750481,0.294368680676195
"HR1674",1,-1.242679821598,-0.209818360006127,0.689615292564754
"HR1675",0,2.23878897911376,0.613124519252252,0.17559493681549
"HR1676",0,1.08942552096817,0.298717163540597,0.318376568609565
"HR1677",0,0.221528960737953,1.10940246341749,0.391408571520535
"HR1678",1,0.896148117245195,0.590701716135783,0.32760158248945
"HR1679",0,-0.736304687590031,0.704365911856281,0.562240112336
"HR1680",0,1.76164279501797,-0.0545134165727055,0.253402740551328
"HR1681",1,0.183615038312744,-0.351750092187115,0.490632943633764
"HR1682",0,-0.724355684367006,-0.473079284111894,0.634076505322285
"HR1683",0,2.16220796051556,0.135414024040333,0.201789527246658
"HR1684",0,2.62554790638529,0.697532961443774,0.141226431334259
"HR1686",1,0.586471783880555,-0.476465600910206,0.437456341808943
"HR1687",1,-0.0251710600476296,-1.00341102845367,0.564657485425716
"HR1688",1,1.01392443971791,-0.223935582155973,0.359195411244806
"HR1689",1,0.136549605864313,-0.97982279068455,0.53866766800805
"HR1690",0,-1.1179832049857,0.194166617089175,0.649479859183219
"HR1691",1,-0.097244743550319,-0.578296152390637,0.548204860936121
"HR1692",1,-0.32939279759454,-0.500725604175702,0.578169588515671
"HR1693",0,1.79320761811534,-0.446097775461314,0.26936857885179
"HR1695",1,-0.840819238482089,-0.102025875565723,0.628159409644364
"HR1696",0,0.679175620907197,-0.855003493597818,0.447794450601893
"HR1697",1,-0.106150197764074,-0.234263352676922,0.527279729285143
"HR1698",1,-0.473383750882469,1.80445995169844,0.45084142298652
"HR1699",0,0.425468691814249,3.33591307618192,0.241158950755787
"HR1700",1,-0.6861234277671,-0.337453608855329,0.620344633914026
"HR1701",0,1.71752872164038,3.02824344217774,0.135075993567967
"HR1702",1,-0.123656647021334,-0.546643252531107,0.550164301309346
"HR1703",1,1.07205114353247,-1.11992215126922,0.40589397688861
"HR1704",1,-1.07685334757002,-0.658233061970675,0.69289513445502
"HR1705",1,-0.458902306650067,1.46074216717718,0.470889735237952
"HR1706",0,-0.558573264333978,-0.300223868687078,0.599470725071414
"HR1707",1,-0.0657859684047051,-0.299443042415128,0.525356026554647
"HR1708",1,0.268175450967803,0.0931084793612388,0.448896473167689
"HR1709",0,0.529025081877999,-0.147750087426202,0.42507102149996
"HR1711",1,-0.372108380600399,0.0304143518021924,0.550578136778543
"HR1712",0,-0.920090188419303,-0.3031575182738,0.651410173122594
"HR1713",1,-0.412970358628417,-0.67749969884638,0.601679346957447
"HR1714",0,-1.20356722985244,-1.22217808095252,0.738496982027277
"HR1715",1,-0.309016672209697,-0.47985144597831,0.573796116804722
"HR1716",1,0.845869319612249,0.0729900139505282,0.365078306909914
"HR1717",1,-1.3033750126566,-0.256462020804132,0.700066699504183
"HR1718",1,1.34940282713822,-0.756435493036202,0.344028325422889
"HR1719",1,1.23427419156641,-0.629061997262665,0.35248517996003
"HR1720",0,1.37268333326173,0.735397897859041,0.259540911714301
"HR1721",0,3.36085005744653,1.25993123875599,0.0830487932384199
"HR1722",1,0.763293689804581,-0.419293753954445,0.407432553707981
"HR1723",0,0.727943828545348,-0.337172887493323,0.407488945896219
"HR1724",0,-0.580602336410127,-0.183194707709144,0.595378867826868
"HR1725",0,0.933835764736285,0.0740890421702758,0.352628674109952
"HR1726",1,-0.364852584403076,0.310045748879974,0.531385010360697
"HR1727",0,0.352661938846528,-0.330377649537639,0.463444244190333
"HR1728",0,0.337452169021727,0.0605989506536252,0.440520153223418
"HR1729",0,0.569108135927046,-0.0523551665916918,0.413049219700544
"HR1730",1,0.766791769346554,-0.255299084256836,0.39664578712867
"HR1731",1,0.816032862065114,-0.544853030467151,0.407539761955488
"HR1732",1,-1.31060076666299,-1.24372900035311,0.751995297095021
"HR1733",1,0.21360051931948,0.340670936505509,0.441212999917627
"HR1734",1,-1.95043680516819,-1.05693546663036,0.810327309976547
"HR1735",0,-1.12253223830595,0.2285979193825,0.648069851159615
"HR1736",1,-0.58747647714838,1.43776788123713,0.49202324348612
"HR1737",1,-0.418988266332034,-0.885421302217661,0.61546102464402
"HR1738",1,-0.342761863216663,-0.78379443378741,0.598015206330279
"HR1739",0,1.60280718661317,-0.0365683891866234,0.271301921922013
"HR1740",1,0.139776322800333,-1.05716375035142,0.543181618896247
"HR1741",1,-0.409092456023906,-0.468071995269803,0.587956789638453
"HR1742",1,-0.409524959192731,-0.306346199446891,0.577775964414801
"HR1743",0,0.612027404517104,0.12264687766659,0.395742576817354
"HR1744",0,0.719777265484775,0.970064714377918,0.329604084911082
"HR1745",0,0.630419347992708,-0.552096679357563,0.435688836618366
"HR1746",1,-0.64249696213106,-0.335815439863584,0.613936251172855
"HR1747",1,-1.27250786602331,-0.0637021261609635,0.685357001651028
"HR1748",1,-0.750290202692062,-0.513886837767722,0.640203635344871
"HR1749",0,-1.37050014181477,-0.218373556712994,0.706566473170966
"HR1750",1,-1.34344744816518,-0.378648957773208,0.711765467649659
"HR1751",0,1.84887864173495,0.144036938353916,0.234035695042118
"HR1752",0,-1.00204408334303,0.0465696103552148,0.642048580801094
"HR1753",1,0.962375220582914,0.0206004242136876,0.351824020647407
"HR1755",0,0.916738898823498,-0.163491441269835,0.369319358744826
"HR1756",0,0.295449810442266,-0.253506726029807,0.467171056718981
"HR1757",0,0.809675648471931,0.20412577058606,0.362296302318852
"HR1758",0,0.0592689992665938,-0.516361594338809,0.520365901124468
"HR1759",0,-0.782542244248463,-0.0979532997821704,0.619542493343776
"HR1760",0,0.403769801454203,0.70747459403485,0.389792579411478
"HR1761",0,-0.187543059127523,-0.920031960920838,0.583636367394612
"HR1762",1,-0.967965085492858,-6.00784940408717e-05,0.640045838255891
"HR1763",0,-0.0822696474580388,-0.430108108170169,0.536346857777982
"HR1764",0,0.51557451088067,1.31030274558745,0.337674595169266
"HR1765",0,-1.16453017464152,-0.0141372858591271,0.668079768585009
"HR1766",0,0.532303855747467,0.0859918692314347,0.409773664936662
"HR1767",0,-0.0215866097193985,-0.290575885348734,0.518030760052056
"HR1768",0,0.258068938784179,0.779645369299067,0.406649856762781
"HR1769",1,-0.0856859391685945,-0.468442420824336,0.539349294914789
"HR1770",0,-0.271557770414891,0.0555696228542091,0.53367981400809
"HR1771",1,-1.16131119357696,0.868715226565544,0.614792914739911
"HR1772",0,-0.0198508987942504,0.490971195099109,0.466910914199424
"HR1773",0,0.282996140274091,0.0696373680037903,0.448165959566033
"HR1774",0,1.32441665122366,-0.185527656852015,0.314565289996313
"HR1775",0,0.447404118729957,0.162082626821014,0.417565373408549
"HR1776",0,-0.0532542181097029,0.050213476323622,0.500683801658563
"HR1777",1,-0.881127753675293,-0.597275999242112,0.663300688785024
"HR1778",1,-0.0876392838117166,-1.49895664843383,0.605260418940812
"HR1779",1,-0.0216935635227073,-1.14048290244845,0.572895383477401
"HR1780",1,-0.915908893484181,-0.365233898331423,0.654495662174919
"HR1781",1,-0.386353652569968,-0.555754065673179,0.590119075181747
"HR1782",0,1.68628827559265,0.177977969945644,0.250675350595622
"HR1783",0,2.591575254638,0.806958982697806,0.14029226014991
"HR1784",0,0.757576034815621,-0.328739422794387,0.402589832470924
"HR1785",1,0.979718302528872,-0.762038173398535,0.397063185999187
"HR1786",0,-0.111957119936435,0.129188267509479,0.504519548226776
"HR1787",1,0.329134103759407,-1.02654398925012,0.51232448844336
"HR1788",0,1.39297667990071,-0.430182112873736,0.319283427015298
"HR1789",0,0.532294169747428,-1.09642145899074,0.48580332531809
"HR1790",1,-1.39228610796392,0.421298541406839,0.673799964886611
"HR1791",1,0.244734453747455,-1.21336691823259,0.537338557646611
"HR1792",0,0.134119061831016,-0.148485850975924,0.484967467296177
"HR1793",0,-0.795167639116017,0.232848072769229,0.600881144766237
"HR1794",0,-0.0479017169814269,-0.224374980171284,0.517744424583119
"HR1795",1,-1.04935751606658,0.0523755889794336,0.648329827718188
"HR1796",1,-0.0866178722587818,0.88556502736268,0.451525063674542
"HR1798",0,-0.512434529221766,-0.26961193300619,0.590746155612319
"HR1799",0,-0.359936674206879,-0.250830633475105,0.566808309241416
"HR1800",0,-1.08673744895072,-0.239567269687061,0.670544510737906
"HR1801",1,-1.47196850594367,-1.13967105566187,0.76511185266492
"HR1802",1,0.613779710677211,0.146098763458271,0.394026204742007
"HR1804",0,2.79118209343012,1.52151103471004,0.107053912616648
"HR1805",1,0.128709928299911,-0.62199808254809,0.516629234568497
"HR1806",1,0.833247223211412,1.04717581920512,0.310131856969792
"HR1807",1,-0.0198605748884084,0.752020783752301,0.450026400359954
"HR1808",1,1.13706119248215,-0.62842926150559,0.366140184285146
"HR1809",1,-0.461867032160721,1.3494973968713,0.47857002537736
"HR1810",1,-1.32157038268842,0.0585729272332283,0.684960493486504
"HR1811",0,0.971416089563892,0.0149695415817535,0.350897564575157
"HR1812",1,0.429409153976368,1.95373064618107,0.312469001321196
"HR1813",0,-0.498438410219368,-0.25962435361383,0.588043683457265
"HR1814",1,0.0431540918882969,0.199657476870767,0.476218357874668
"HR1815",1,-0.328226788595528,-0.325515607121167,0.566822127979116
"HR1816",1,-0.319312995417183,-0.326297964072568,0.565532458370178
"HR1817",1,0.585634918825057,-0.841550380983517,0.461115641344757
"HR1818",1,0.241196502305267,1.98956584024815,0.335643753581367
"HR1819",1,0.301509007565395,0.353095752526026,0.427203289352537
"HR1820",0,-0.349215496746247,-0.0333661174095412,0.551223937524787
"HR1821",0,1.98124357511754,3.2801936004935,0.110678914339303
"HR1822",1,-0.0433661753664745,-0.217228077172528,0.51658639146874
"HR1823",0,0.960517150416246,-0.482612019000944,0.382541298443314
"HR1824",0,1.04739727061667,0.0793786494491771,0.336624502393059
"HR1825",0,0.866808056685862,0.261976681239228,0.350817998577715
"HR1826",1,1.57122047090253,0.09542120622801,0.268334265506593
"HR1827",1,-0.453370755170997,0.171974660763591,0.553753323355624
"HR1828",0,-0.247321560738768,-0.00158372385231164,0.533695110772901
"HR1829",1,2.71842055137317,0.813325109356462,0.131000383813689
"HR1831",1,-1.116895538535,3.30973989799579,0.451226794297005
"HR1832",0,-0.621880539212072,0.111850103101691,0.582884993634293
"HR1833",1,-1.45558162982044,-0.609172083676265,0.737430636743462
"HR1834",1,0.734477179638681,2.29875673386936,0.256320899368509
"HR1835",0,-0.620087915585216,-0.59547297211992,0.626640965319189
"HR1836",1,-0.351095115770347,-0.296844972564986,0.568423058711015
"HR1837",0,0.764710619261159,2.91612014281101,0.223646384476852
"HR1838",0,-0.128452969334421,0.438967817458853,0.48686694568264
"HR1839",0,0.755071508204054,1.30005647488976,0.306282461175326
"HR1840",1,-0.0493196936244254,-0.32494953752837,0.524500666375754
"HR1841",0,-1.00503754020203,-0.461000532946653,0.672244116446453
"HR1842",0,-0.776311259197769,-0.129284209969603,0.620567489246767
"HR1843",1,-0.0527141208803034,-0.355589510190542,0.527009176905104
"HR1844",1,-0.237624032125905,-0.48277834485547,0.563267181124662
"HR1846",0,0.0967545269418681,-0.0228549977446551,0.482502406322755
"HR1847",0,0.536694805677698,-0.203719867672976,0.427489868808018
"HR1848",0,0.3429549411176,-0.166218401285099,0.454298329515491
"HR1849",1,-0.708127427604254,-1.30181229327074,0.680430773129658
"HR1850",1,-1.42563568088725,-0.199161749592613,0.712488051638138
"HR1851",1,-0.487246775324927,-0.0773461268856847,0.574819081848608
"HR1852",0,1.09873810297466,-0.0519066891504512,0.337248197715554
"HR1854",1,-1.41171317111075,0.0643048076898144,0.696424624716928
"HR1855",0,0.14206363753082,1.67794449190458,0.367975931568216
"HR1856",1,-0.901826976043889,-0.219197692577884,0.643867735849966
"HR1857",0,-1.41153023788248,0.514781456518588,0.671028419889438
"HR1858",0,0.190411115599464,-0.061384410958924,0.470711114033326
"HR1859",1,-1.65133345935351,0.639777488291777,0.695722507768172
"HR1860",0,0.612972221163384,1.19587819101301,0.331045784327285
"HR1862",1,-0.186746131600173,1.39875943702822,0.433653594459882
"HR1863",0,-0.0740655226444425,0.0663298944679034,0.502817641846483
"HR1864",1,-0.653220792169789,0.306941514357395,0.575168882954864
"HR1865",1,0.111676463555586,-0.542175565035417,0.514037753184139
"HR1866",0,0.190733735934502,-0.118615395213715,0.474378721106766
"HR1867",0,0.426226244570011,2.95200894364586,0.259846139052283
"HR1868",0,1.28214268278519,3.27727503933764,0.160397724079735
"HR1869",0,-0.137512097666132,-0.00885000592892147,0.517413934150263
"HR1871",0,2.32526885146315,-0.594205244188391,0.21673167584445
"HR1872",1,-0.689572796097825,-0.0493343880968373,0.603016247180362
"HR1873",1,-1.53739648002298,-0.657099377489085,0.749361310994239
"HR1874",1,-1.0202722277643,0.332818585624053,0.627342979753415
"HR1875",1,-0.180020895619391,-1.04671238175161,0.590522170944269
"HR1876",0,2.91310391355267,-0.687791821279705,0.165185953168014
"HR1877",1,-2.30430694842477,-0.628553461617262,0.825930718100502
"HR1878",0,0.747393330904563,3.5184741241534,0.199264696248808
"HR1879",1,-1.77844417082025,0.290756350496903,0.730219044793618
"HR1880",1,-1.35613332452513,-0.983471857682577,0.744469703854729
"HR1881",0,0.168746914899502,0.345033786144482,0.447709235700046
"HR1882",1,1.8947248817122,-1.00384320293063,0.286055182021487
"HR1883",1,-0.844659698512597,-0.874944797836765,0.674382238379701
"HR1884",0,-0.0864929844434605,1.01416051257617,0.443222362930207
"HR5019",0,0.996348732048098,-0.518274244685861,0.379561624839123
"HR5103",1,-0.554329330581592,0.949032336547265,0.518779496402678
"HR5109",0,-0.455191463080848,-0.245648053336214,0.580731894114201
"HR5111",0,0.646977874896644,0.0402029481302054,0.395765295265464
"HR5117",0,-0.322696977221558,-0.953097085675335,0.605643895286552
"HR5147",0,-1.47552150268176,1.5781917786159,0.616545730691817
"HR5148",1,-1.57700434149957,0.176786115450333,0.711394388166938
"HR5165",0,-0.402304148987421,-0.00953220212701415,0.557714805319032
"HR5168",1,0.855645165508646,3.72559506511824,0.180774983132361
"HR5170",0,-0.548176997381466,0.159443211016879,0.568841572284344
"HR5172",1,-0.527049917105558,0.0275515166892805,0.574091537575256
"HR5179",0,1.34631119785066,4.37599034795563,0.121231207698723
"HR5206",0,0.51517646516227,-0.521514747598915,0.451124875013859
"HR5212",1,0.608699327343941,-0.899174384206992,0.461339573777864
"HR5218",0,2.56897887036732,-0.854810064519447,0.203260085605819
"HR5236",1,0.106518082217655,-0.942000900330617,0.540784679978256
"HR5238",1,-1.09295904662046,-0.343293113892027,0.677320075055358
"HR5239",1,0.454460978326148,1.29394459282268,0.347053679151384
"HR5240",1,0.0546731239329804,-0.394226823975404,0.513121285191933
"HR5241",0,-0.11554122744259,0.345901252053973,0.49095210566892
"HR5243",1,1.50792789606407,-1.00770807362367,0.336947803939386
"HR5244",1,0.3630717177816,-1.09064541346958,0.511308908835313
"HR5245",1,0.182505454763217,-0.326081740350557,0.48913124762286
"HR5246",0,-1.27629662387445,-0.170034643931519,0.691795304438215
"HR5247",1,0.251119561682542,-0.217776629686287,0.471608471840789
"HR5248",0,-0.992193882827421,-0.552361916348423,0.675747860724023
"HR5250",0,1.08599235513679,-0.392620611155882,0.359161667816559
"HR5253",0,-0.04414020171158,0.234269531002514,0.487302722296953
"HR5255",0,0.105031904257675,-0.526359739131549,0.514023991204926
"HR5257",1,-0.339296150306276,-0.594229149410835,0.585571414762665
"HR5259",0,-0.743534898001642,-0.522426622962192,0.639763898363162
"HR5260",0,-1.62353050824398,0.00160877204646969,0.726369631142098
"HR5263",0,0.0661474642886657,-0.504575843130131,0.518548661507865
"HR5266",1,-1.41241707501481,-0.0238511011172746,0.701349121960694
"HR5267",0,-0.350413886190307,-0.378595954074823,0.573538894370028
"HR5270",1,0.55890500564372,-0.40054800767854,0.436739691766677
"HR5271",0,-2.52454495131243,-0.45131827644718,0.838301490523435
"HR5272",0,0.89110366930625,-0.24619088393221,0.378033647409609
"HR5273",0,-0.0507924366161091,-0.765800169782991,0.553260127541456
"HR5274",1,0.374423250165432,-0.637450706213327,0.480063412096573
"HR5275",1,0.69834586385545,4.15015611147755,0.178656522251615
"HR5276",1,-0.898665684929907,0.0893150401984628,0.624775920596247
"HR5277",0,0.179890056398847,-0.439319918784628,0.496906098530497
"HR5278",0,-0.96065234142812,0.635875886067253,0.599981226607942
"HR5279",1,-0.267270318491003,0.144217006474215,0.527273343457162
"HR5280",0,0.190162389797826,-1.21949741706956,0.54602529726748
"HR5282",1,1.0366299148055,-0.726953309433435,0.38658639332044
"HR5283",0,0.566931797250933,0.0568789616900632,0.406487561978685
"HR5285",0,1.73972967181928,4.58947585808426,0.0930298812932162
"HR5286",0,1.44752565827475,0.588324515703009,0.258106856650312
"HR5287",0,2.34686498509885,4.74654475520447,0.0635879026158212
"HR5289",0,0.983456105428977,1.89711097890889,0.24733431811856
"HR5292",0,0.133493131631018,-0.744449909345299,0.523862101721103
"HR5293",0,-1.16264650612869,-0.375971866648285,0.688398117888975
"HR5295",0,-0.290214624611434,-0.0242308284603431,0.541686280622121
"HR5296",1,-0.418015970769973,0.569660680240839,0.522632251953117
"HR5298",1,-1.03018081598386,-0.802902894401883,0.694835727522726
"HR5299",0,0.503312797054459,-0.738135939897137,0.466942370313544
"HR5300",0,0.301222036731455,-0.736670169559229,0.497714377181004
"HR5301",0,1.96703944121596,0.108174231708326,0.222938733595216
"HR5303",1,-0.620128866979255,-0.75865934147125,0.636540144294339
"HR5314",0,1.9143505563119,-0.400291796236235,0.25276992615234
"HR5316",0,1.49880395256145,-0.019239845298143,0.283147758740408
"HR5317",1,0.542733410237626,-0.286111908529532,0.431845217510579
"HR5318",0,0.982243737479704,0.655849814929054,0.312445391197705
"HR5319",1,-0.988600660400568,-0.134868639073554,0.650972462864916
"HR5322",0,3.76613641840085,0.411743675637455,0.0810160164194675
"HR5324",0,1.00403805595256,-0.037539741180536,0.349468520360108
"HR5325",0,-0.177237626795391,0.605988701389015,0.483453159373567
"HR5333",1,0.0346550872675937,1.18902037787954,0.413918657881736
"HR5334",1,-1.00158557131576,0.129062395882684,0.637028841062732
"HR5335",0,-1.07266896715205,-0.104147609266312,0.660776102467433
"HR5336",0,-0.272922481828432,0.0976668897261518,0.531156994731662
"HR5337",0,2.10645591468479,4.18813851459352,0.0834000938872507
"HR5341",1,-1.46059965421494,-0.570084202502099,0.736050805922517
"HR5342",1,0.542109942249926,-0.59007069228281,0.451467110162925
"HR5343",1,-0.0534432640812803,4.02106406906078,0.262734116262066
"HR5344",1,1.34126948584322,4.02750602491831,0.131594328770599
"HR5345",0,0.26135754124351,3.30289111951872,0.261669533125035
"HR5348",1,-1.52973807470088,-0.128545952353217,0.721678139232038
"HR5349",1,-0.834728259754627,0.152272475469384,0.611670799617849
"HR5350",0,-0.201345303027666,-0.0081615411111588,0.52711468536095
"HR5352",1,-0.796382060594277,-0.46952929360925,0.644029027683672
"HR5354",0,-0.267448396531838,-0.191392317517297,0.549031449573413
"HR5357",1,-1.03421488347337,-0.653389241763606,0.687044060397716
"HR5358",0,-1.02374331303004,-0.743395136766674,0.690697132729865
"HR5359",0,1.31478470698738,1.93034657151162,0.210106054544959
"HR5360",1,-1.36359565956297,0.558894901020633,0.661953922428022
"HR5362",1,-1.6568599218938,-0.418838724433422,0.751425375981917
"HR5363",0,1.6570540938511,2.55078938139457,0.155068095873535
"HR5365",0,1.20798291845768,-0.655313155167002,0.357735826333728
"HR5366",0,2.19526412938764,2.99166671133255,0.105306252492951
"HR5370",0,0.900758395685659,2.04959188244875,0.249364060927867
"HR5372",1,-1.44742625346343,-0.305203144592624,0.720806019365688
"HR5376",0,-0.653164467157189,0.325197707980994,0.573997697336862
"HR5379",0,0.708813942063199,0.423175526991201,0.363369664140205
"HR5381",1,-0.60037503382835,-0.777843455767421,0.634898459066159
"HR5383",0,-0.876961900106353,-0.00595045450126279,0.627477736474163
"HR5384",0,0.753464279103832,-0.582245526192416,0.41918613317826
"HR5385",1,-0.29922486963201,-0.244255686297516,0.557242172996037
"HR5387",0,0.381083650049459,0.213497931020977,0.424191522334021
"HR5390",0,0.631656435402774,-0.732916062681682,0.447118596146356
"HR5392",0,0.0402379237554225,0.218304588297457,0.475451580493424
"HR5393",0,-0.424453827064664,-0.326548357607809,0.581284668646361
"HR5394",0,-0.578992482797511,0.108161011621441,0.576725416417734
"HR5399",0,1.40461748019521,-0.315971716975192,0.311321358818194
"HR5402",1,1.69066549575628,-0.934702296572538,0.308366155029586
"HR5409",0,-0.867496698276176,-0.00397831423951381,0.626002578757688
"HR5415",0,-0.778361284751603,-0.688382864175719,0.654503069817838
"HR5424",0,-1.00452561097327,0.0729186447954308,0.64081876915539
"HR5425",0,0.591121044208751,0.451201374053456,0.378468785012138
"HR5426",1,0.455447916643606,-0.878809148968518,0.48338610545081
"HR5427",0,3.36838489808798,-0.830593309313846,0.134525607011919
"HR5429",0,-0.198992501978745,0.0650691135846256,0.52199687321521
"HR5430",1,0.025924766137045,-0.381570336262447,0.516691553281373
"HR5431",0,-0.212684230370258,-1.04962593137166,0.595529201301091
"HR5434",1,-0.950668485889075,-0.597100585164592,0.672727169434779
"HR5438",1,-0.0593883351268458,0.187862850852376,0.492656140030894
"HR5439",1,-0.44365914442648,-0.260789179706415,0.579974079619294
"HR5441",1,-0.599783529865095,-0.139636979710063,0.595472284581387
"HR5442",1,-0.871771918748026,-0.609299306658225,0.662721525250907
"HR5443",1,1.07376101962322,2.25431611783633,0.220764994422104
"HR5444",1,0.558432663742203,-0.0140397882333176,0.412212799685284
"HR5445",1,-0.419123262872356,-0.286962897605936,0.577976676068676
"HR5446",0,-0.235026349677941,-0.00645925890729612,0.532138567024875
"HR5452",0,1.07705752300281,-0.325179793943529,0.356380256566457
"HR5468",0,-0.490435703742959,-0.830680444938567,0.622408341450438
"HR5473",1,-1.25026028135776,0.00818309628622464,0.678340725490281
"HR5474",1,0.199990298467545,-0.594147473399161,0.503916636457362
"HR5475",1,-0.955301326134279,-0.0167866435254788,0.639264256461788
"HR5476",0,0.171723279563635,0.0292746840494042,0.46767594490888
"HR5478",0,-0.83004613395573,-0.376858936228487,0.643215488411847
"HR5484",0,-0.491107033383019,0.302034543345777,0.55108367920949
"HR5489",1,0.44503154555785,-0.977760666106151,0.491420098903264
"HR5493",1,1.66880477055983,0.117879341718041,0.255658817985572
"HR5495",1,0.12626664206501,-0.79544058386075,0.528277114594436
"HR5496",0,-1.91385448877617,0.744557429000392,0.723191971437902
"HR5499",0,-0.31878833696625,-0.961110083216071,0.605571314911736
"HR5500",0,0.0822846278478058,-0.791004955674337,0.534690904174896
"HR5501",0,0.826538401509844,-0.738503583213682,0.418212492676852
"HR5503",0,-1.44690652237482,0.189724356391872,0.694063394872174
"HR5510",0,0.186457023650575,-0.944118007704887,0.528752622224386
"HR5517",0,0.697590294257458,-0.337175572965108,0.411981216147434
"HR5523",0,1.75363285698137,-0.305190913263831,0.266915843242507
"HR5525",0,0.403858998452283,-0.897753907822362,0.492506676900648
"HR5526",1,-0.67946175558627,-0.720335485702267,0.642607555679346
"HR5527",1,-1.28091553287757,-0.489057295335562,0.709813380632428
"HR5532",1,0.0970607874396574,-0.382694347835336,0.505888343598683
"HR5579",1,-0.854226172159384,-0.131306333436484,0.631850121995119
"HR5580",1,0.379760062383079,-0.210978018645485,0.451607614234827
"HR5581",1,-1.19891716811021,-0.232209955812103,0.685114440762026
"HR5582",1,-0.953847051188484,1.41125474844483,0.549632888272478
"HR5583",0,0.201753777479675,0.0750470045579308,0.460139867138703
"HR5600",1,-1.2653843161658,-0.275980061411964,0.696239462062612
"HR5601",0,1.00878392273534,-0.151891383119283,0.355606570555764
"HR5602",1,-1.15942982260051,-0.665141238322916,0.703916760182085
"HR5603",0,-0.754543441439221,-0.806489256916424,0.658157036850918
"HR5604",0,0.227189734836868,-0.863614247491745,0.517302117017148
"HR5605",0,0.536574605024709,-0.303315713191046,0.433870857565698
"HR5606",1,-0.458922607832885,-0.920317795462295,0.623365022131368
"HR5608",0,0.309206759162368,0.33534153645828,0.427182660319203
"HR5609",0,-0.301038868968545,-0.479438053151613,0.572575471948542
"HR5610",0,-1.13720869653159,0.151279048044446,0.654684061058382
"HR5611",0,-0.725373841867255,-0.110539792661535,0.612042035940147
"HR5612",1,-0.904672113219658,-0.99974381152513,0.689399541401759
"HR5613",1,-0.898526892300444,-0.431425610959426,0.655989026923322
"HR5614",0,-0.523982708701334,-0.391907412560262,0.600124293679258
"HR5615",1,0.417732248470242,-0.422518211999264,0.459515398453728
"HR5616",0,0.568299634905459,0.241443975370659,0.394739553220411
"HR5617",0,0.56873770683982,1.79069826790729,0.303353535363781
"HR5618",1,0.274412749792745,-0.589718821363377,0.492243735155171
"HR5620",0,1.01450335616289,-0.0868119113232866,0.350932776500604
"HR5621",1,-1.08236117227438,-1.19300927041916,0.722400978547683
"HR5622",0,0.183309609133791,-0.117622297996842,0.475447073326682
"HR5623",0,0.327415205839307,-0.0541863843182814,0.449423393192681
"HR5624",1,-0.580664390234077,-0.530608345449514,0.616993831122902
"HR5625",0,-1.08137783210309,0.586031382417061,0.620636020132342
"HR5626",0,0.991594156018868,0.586705619339051,0.315092656035854
"HR5627",0,-0.447518778808834,0.616212914502174,0.524109895600113
"HR5628",1,-0.114671855089038,0.250863131163534,0.497009012867247
"HR5629",1,0.871936516344739,0.320448073429755,0.346645044615897
"HR5630",1,-0.508915458220124,-0.12949136032098,0.581366898974384
"HR5631",0,1.27371976399229,-0.667080201954963,0.349243888261729
"HR5632",1,0.0791269384817847,1.87922897079036,0.364741038054454
"HR5633",1,-0.133774142493093,-0.152914425794669,0.526209569690534
"HR5634",0,-0.458473780138384,0.294186671901839,0.546645501654612
"HR5635",0,0.501324865482237,0.487394282072425,0.38923354140884
"HR5636",0,-0.226364868125543,-0.0656929888013251,0.534660756862916
"HR5637",0,-0.771641576043427,0.233716801326276,0.597369241306925
"HR5638",1,-0.236425127751966,-0.949830789236882,0.592762062825155
"HR5639",0,-0.253578055761972,-0.34658891677551,0.556929337301737
"HR5640",1,-0.212149754282248,0.0762138368135892,0.523281050037336
"HR5641",1,0.575234965914168,0.242033609745412,0.393689390705346
"HR5642",0,-0.965715968450092,-0.242655766112031,0.654165105366674
"HR5643",0,0.00490629651398232,0.611544124774926,0.455340259569873
"HR5644",1,0.490448484335373,0.43861032896532,0.393847368427734
"HR5645",0,-0.000857079396852714,-0.090953796481033,0.501863843031667
"HR5646",1,-1.66356294487678,1.41324475142876,0.653159708866683
"HR5647",0,0.0025807385574772,0.41223523745323,0.468601190868103
"HR5648",1,0.554580706336087,-0.947208147937811,0.472697438807839
"HR5649",0,0.780969582491631,1.29847070147626,0.303012918368248
"HR5650",0,0.0350372490733407,0.0481780041868044,0.487312323991778
"HR5651",0,0.0735017798805408,-0.129780856529263,0.493018140159082
"HR5652",0,-0.0408018855422824,0.21490425394337,0.488053040755485
"HR5653",0,0.77511990880343,1.28958179709168,0.3042594993039
"HR5654",1,-1.02537555022972,-0.260257557658006,0.663401926438707
"HR5655",0,1.0373434568741,1.45093737671846,0.263161946122656
"HR5656",0,0.417265843872373,1.00287404790156,0.369721249181263
"HR5657",1,-0.211625597027472,-0.567053360843545,0.564754898594188
"HR5658",1,-1.00965413641026,-0.347948344765294,0.666349490537755
"HR5659",0,-0.355224436910667,-0.284555633253391,0.568257377844355
"HR5660",0,0.389307513754809,-0.0465665222689739,0.439581868468064
"HR5661",0,1.47071181473593,-0.111039341884305,0.291565854563856
"HR5662",0,-0.880313535599326,0.00723863346450226,0.627153781764551
"HR5663",1,0.587099047316513,-1.03614177744784,0.473513631412078
"HR5664",0,-0.735499523070316,-0.407682726657067,0.631701804779455
"HR5665",0,-0.454463650746694,0.115806160100442,0.557531970486592
"HR5666",1,-0.242367208950819,-0.827559916240158,0.585931688537329
"HR5667",0,-0.0438243021557029,-0.723566236346128,0.549483307832856
"HR5668",0,0.55967949464787,3.44691278876414,0.221424453870898
"HR5669",1,-0.504999397544758,-0.946479625433543,0.631549002607844
"HR5670",0,-0.679082464185581,0.215213506608498,0.584845787161537
"HR5671",1,-0.805724552950148,-0.707622585880296,0.659406334481642
"HR5672",0,3.84191544002434,-0.183560147848034,0.0894899808496189
"HR5673",1,-0.60748702868158,0.032431684528354,0.585771923269605
"HR5674",0,0.531156489909046,2.07647245271455,0.292588634035098
"HR5675",0,-0.270346194026463,0.228966628001012,0.522235656499779
"HR5676",0,-0.218718932834598,0.536357013543764,0.494329013299652
"HR5677",0,1.58370022975451,0.129505970969567,0.265103740058915
"HR5678",1,-1.24750530713153,-0.42713992372091,0.702221748362363
"HR5679",1,-0.241806866471296,-0.484943913611286,0.564035480008627
"HR5680",1,0.667761071503258,0.555524355824349,0.361206206319349
"HR5681",0,-0.112595357300631,-0.0406145660181857,0.515673257939172
"HR5682",0,0.168595711978971,-0.257471278035666,0.486791178628067
"HR5683",1,-1.64786575381568,0.866828261640643,0.68259600789961
"HR5684",0,-0.921129220078808,1.11873193466716,0.563502104966462
"HR5685",0,1.01223176262396,-0.0581386525390831,0.349548874585728
"HR5686",1,-1.07459289384796,0.0492383465109853,0.652027951977465
"HR5687",1,-1.73554954582777,-0.315301345106168,0.755359207162911
"HR5688",0,-0.185127469515789,1.70078935918051,0.414195460438561
"HR5689",1,1.07442504146013,-0.756046505536996,0.382906200118486
"HR5690",0,0.544037931911165,0.503934594992924,0.382020305079063
"HR5691",0,0.968606847357316,0.842994882583236,0.303829063656049
"HR5692",0,-0.530332717869677,-0.0762261745922602,0.581178676338185
"HR5693",0,-0.0776783305785482,0.475126019853766,0.476757828998276
"HR5694",1,0.668145818487693,0.434581660756547,0.368453994076785
"HR5695",0,0.67645817466142,-1.46756362860136,0.487924186892393
"HR5696",0,-0.493914480965396,0.195454630243771,0.558367406144014
"HR5697",1,0.186816225515371,-0.181408954064248,0.479058238188984
"HR5698",0,6.08564858412558,0.0883007988376719,0.0226718840103417
"HR5699",0,2.61639521241706,0.226631571685154,0.157514280570941
"HR5700",0,0.497393877789823,0.486467799600332,0.389862963564452
"HR5701",0,0.0283853252345399,0.321992033047939,0.470524968467344
"HR5703",0,0.075621400435615,0.0919935756437852,0.478260586548005
"HR5704",1,0.392259227148639,-1.06654413123524,0.505275572261569
"HR5705",1,-0.49108764949604,0.408530977734574,0.544206587329589
"HR5706",1,-1.42642608041745,-0.00213168867841661,0.701958935963134
"HR5707",1,-0.62699657805716,0.157120960959422,0.580776694122752
"HR5708",0,0.632228991580662,-0.730858273340801,0.446899450209632
"HR5709",0,2.47872628749426,-0.781461206957793,0.209171489088629
"HR5710",1,-2.02516713814058,-0.136326526618707,0.778679998288806
"HR5725",1,-0.549159498129901,0.253268283094554,0.562983710217066
"HR5726",0,-0.150081806615782,0.0867736167365526,0.513111886967925
"SJ1079",0,0.645680669581065,-1.12538367649523,0.470375046185896
"SJ1107",1,-1.82624566351884,-0.24307266654946,0.762073449734726
"SJ1176",0,-0.648228845795662,-0.465047279065601,0.62271053514865
"SJ1241",1,1.92390513081511,4.45140605122723,0.0867552301463036
"SJ1423",0,0.824830075799906,-0.426150904241187,0.398802348696465
"SJ5046",0,0.428319255801146,-0.355523897690574,0.453577008128767
"SJ5108",0,1.53347732799439,-0.751326713249002,0.318784504168296
"SJ5398",1,-0.536146114615199,-0.352535063501615,0.599448341600042
"SJ5401",0,2.48058552124265,-0.950653755123993,0.216364571742482
