"sample_id","repair_ECM_resid"
"HR1005",0.195828373817145
"HR1006",1.40547959048388
"HR1009",1.23038210956622
"HR1010",1.48959810147601
"HR1012",-1.42310005616185
"HR1016",0.0159438422214133
"HR1038",-0.732618163759278
"HR1046",0.49270848102348
"HR1065",0.132971518671384
"HR1082",0.557507701291461
"HR1089",1.02946684720404
"HR1100",0.762613444573329
"HR1111",-1.11801944991155
"HR1112",1.16107334272067
"HR1114",-1.93363239035262
"HR1115",-0.420251631094509
"HR1117",-1.17348914121478
"HR1124",-1.0484301552763
"HR1149",-0.852486259676196
"HR1156",1.07810243470468
"HR1159",-0.223361701171842
"HR1160",0.888026275176414
"HR1168",-0.645328520608245
"HR1169",0.184169200727442
"HR1170",-1.03304802916747
"HR1171",-1.95413775255344
"HR1173",-0.00984338468494261
"HR1179",-0.332315872635234
"HR1180",0.119582977420041
"HR1181",-2.32927724825971
"HR1182",1.16109390215809
"HR1184",0.309746185690465
"HR1186",-0.891402746576569
"HR1188",-0.123022048788799
"HR1191",2.27745851775599
"HR1192",-0.812539322673028
"HR1193",-0.329242975281811
"HR1195",-1.8618909901782
"HR1197",-0.940585668088621
"HR1200",-0.631543448101913
"HR1204",-0.202060286672179
"HR1206",-0.051690495319756
"HR1207",-1.0734116878993
"HR1208",0.327583382366212
"HR1210",0.108105986367798
"HR1212",-0.623033033527067
"HR1213",-0.54766758113654
"HR1214",0.661985259460794
"HR1216",0.914914671081142
"HR1218",1.28791414241393
"HR1219",-0.499784401142064
"HR1221",-0.667732185988978
"HR1223",-1.44981543748696
"HR1226",0.317575035185083
"HR1227",-1.71588211727
"HR1229",1.71495711042671
"HR1230",-1.29724511294784
"HR1232",0.253789833764709
"HR1234",-0.694835216738752
"HR1235",0.334595191241304
"HR1236",0.759153989811171
"HR1239",1.45114657398016
"HR1240",-0.685806709291014
"HR1244",-1.37482711573662
"HR1245",0.0129833029725646
"HR1248",-1.1609176909377
"HR1250",-0.162751782433922
"HR1252",-0.358114115649967
"HR1259",-0.27404011522506
"HR1260",-1.54965347430568
"HR1262",0.202908557697485
"HR1269",-0.413093576629859
"HR1272",0.65227422146673
"HR1273",-0.194073161214975
"HR1277",0.0565184700829368
"HR1283",-0.679108956905063
"HR1286",0.363072763223755
"HR1287",-0.539211333458582
"HR1288",-0.32945776368735
"HR1289",-1.23862958069077
"HR1292",0.917415762528461
"HR1295",-0.308341288010997
"HR1298",-1.71248265792398
"HR1300",-0.793807789259203
"HR1302",1.85704194476423
"HR1308",-0.719538036203222
"HR1309",-0.0119477279640905
"HR1310",0.432376263688253
"HR1315",0.909123295113226
"HR1316",0.0710553381278623
"HR1319",-1.3663970064076
"HR1320",0.680874572373286
"HR1363",-0.675939842490227
"HR1365",1.24075104315236
"HR1369",0.372462887281508
"HR1373",-0.399753013832437
"HR1377",-1.32536778363164
"HR1379",0.00635098193175042
"HR1381",0.272014415510528
"HR1382",1.23251814782975
"HR1383",-1.37238641123595
"HR1384",-1.37431159222316
"HR1386",-0.809140275768423
"HR1387",1.04098409409996
"HR1389",1.59390524261633
"HR1390",-1.56051753341697
"HR1391",0.022202677160756
"HR1392",-0.135171994363255
"HR1393",-1.04219850675978
"HR1394",-0.732524013613939
"HR1395",0.214409207761198
"HR1396",-0.230180040082205
"HR1398",0.0461041654920934
"HR1400",-0.287154440598175
"HR1401",-0.914169967847706
"HR1402",-0.140037561711488
"HR1403",0.463942411687268
"HR1405",1.64799850734684
"HR1406",-0.285361853634973
"HR1407",0.911203785244652
"HR1408",-0.632034255984552
"HR1411",0.148381860219065
"HR1413",-0.847888765657436
"HR1414",-1.18654188918168
"HR1415",-0.478113188882935
"HR1416",0.896711595175107
"HR1421",-0.00843492063624242
"HR1422",-0.309395258585215
"HR1424",-1.2417497475824
"HR1425",0.308710334215023
"HR1428",0.548976430693323
"HR1435",-0.0500045760556779
"HR1437",-0.610652083566845
"HR1441",-0.534906157942865
"HR1451",-0.386867043124071
"HR1454",-0.0509329827047766
"HR1455",-1.88843618147818
"HR1458",1.52119484137011
"HR1459",0.0303689116846952
"HR1460",-0.27169992872331
"HR1461",1.84413860895697
"HR1464",-0.496327910032804
"HR1469",0.871320313772782
"HR1474",0.613101412653756
"HR1475",-0.76827766599255
"HR1482",-0.521871711403258
"HR1485",-0.736012917096022
"HR1487",-0.106562017321291
"HR1489",-0.916868781757048
"HR1490",-0.348459731836602
"HR1551",1.5703534738023
"HR1552",-0.452947884651702
"HR1554",0.0657735686586341
"HR1600",-0.792272571104212
"HR1601",-0.273893091011645
"HR1602",0.787014246690273
"HR1603",-0.161033298035172
"HR1604",-0.435451902495965
"HR1605",0.414111089538976
"HR1606",-0.492614131094749
"HR1607",0.894775326215331
"HR1609",0.0180837448096056
"HR1610",0.237749669525295
"HR1611",-0.479903932867054
"HR1612",1.18936251092373
"HR1613",1.42552491035783
"HR1614",0.964517302525571
"HR1615",0.17738254863054
"HR1616",-0.767273243250618
"HR1617",0.139895764256991
"HR1618",-0.447704982003983
"HR1619",0.217349527263229
"HR1620",0.345870787532675
"HR1621",0.101048369328571
"HR1622",1.55180270383619
"HR1623",1.1115270245283
"HR1624",0.0886165332531551
"HR1625",-1.54791796973792
"HR1626",0.408830825193258
"HR1627",0.31771813237533
"HR1628",1.54066607661236
"HR1629",-0.0529892000829505
"HR1630",-1.04664987918101
"HR1631",-0.530690139849461
"HR1632",-2.21712154669681
"HR1633",1.30074673532968
"HR1634",-0.570407459027984
"HR1635",0.968757986885435
"HR1636",1.11009090508564
"HR1637",0.478613170868478
"HR1639",0.291415024904257
"HR1640",-0.807023718531692
"HR1641",-1.21056900960988
"HR1642",-0.47502460914911
"HR1643",-1.00066777362619
"HR1644",0.502783084138653
"HR1645",1.67994919272854
"HR1646",-1.64925928840027
"HR1647",1.26323767858417
"HR1649",-0.181424522717578
"HR1650",0.125580446473658
"HR1651",1.02705377652915
"HR1652",0.528631570587258
"HR1653",0.00951718373503252
"HR1654",0.579170406411662
"HR1656",0.623139459887173
"HR1657",1.42824240338682
"HR1658",-0.61513396516038
"HR1659",-1.08566146183031
"HR1660",-0.232881822991539
"HR1661",0.431122321480881
"HR1662",-0.0750715473184173
"HR1663",0.951957601724913
"HR1664",0.383381038551197
"HR1665",0.101545717542261
"HR1666",-0.989718559617336
"HR1667",0.481538908274077
"HR1668",2.30709358842253
"HR1669",0.16850563641265
"HR1670",-1.89676358228109
"HR1671",-0.261790374170324
"HR1672",0.682395220552822
"HR1673",0.0434587768238038
"HR1674",-0.90906379865835
"HR1675",1.99608126364441
"HR1676",0.770536383836986
"HR1677",-0.250292014232834
"HR1678",1.17709428591253
"HR1679",-1.24903346923538
"HR1680",1.69252847825192
"HR1681",0.360589720458511
"HR1682",-0.792984280628004
"HR1683",1.93124302835303
"HR1684",2.4395693114155
"HR1686",0.752932724411812
"HR1687",0.226304629443485
"HR1688",1.22561101007231
"HR1689",0.517914500462547
"HR1690",-1.40087483635419
"HR1691",0.427178571733954
"HR1692",-0.0101116684139338
"HR1693",1.75264465491748
"HR1695",-0.870354648676619
"HR1696",0.611461840531985
"HR1697",0.0347648751063753
"HR1698",-0.773009157829381
"HR1699",-0.404176751573304
"HR1700",-0.502395541452808
"HR1701",0.903045909019776
"HR1702",0.0405087069500427
"HR1703",1.85814220636476
"HR1704",-0.859571812592589
"HR1705",-0.527708983441039
"HR1706",-0.542026863235974
"HR1707",0.155710342374577
"HR1708",0.333625846721614
"HR1709",0.175622240350431
"HR1711",-0.320908855868176
"HR1712",-1.13542957005004
"HR1713",0.183035834429377
"HR1714",-1.15571332426096
"HR1715",-0.053659121038434
"HR1716",0.984884658824545
"HR1717",-1.01246874444385
"HR1718",1.65618312840522
"HR1719",1.83504671596645
"HR1720",1.06752224232751
"HR1721",2.95600472119973
"HR1722",1.42033699510351
"HR1723",0.54897705872228
"HR1724",-0.600380565606511
"HR1725",0.555672570279169
"HR1726",-0.38939161760669
"HR1727",0.184668785921844
"HR1728",-0.0109288935586492
"HR1729",0.476374905512991
"HR1730",1.27653753625724
"HR1731",1.39082321885966
"HR1732",-0.978860707931227
"HR1733",0.169275256103664
"HR1734",-1.49949727951788
"HR1735",-1.26955749345873
"HR1736",-0.590606669157245
"HR1737",0.220870412501962
"HR1738",0.310327627563693
"HR1739",1.44517613140387
"HR1740",0.350274134788798
"HR1741",-0.227443674408376
"HR1742",-0.122542111405585
"HR1743",0.311978967879103
"HR1744",0.196508597160034
"HR1745",0.39314618562836
"HR1746",-0.0942639327298681
"HR1747",-0.984576984205637
"HR1748",-0.298693627457517
"HR1749",-1.68961400171338
"HR1750",-1.14539576013247
"HR1751",1.64453435080318
"HR1752",-1.31357896666639
"HR1753",1.37002708053663
"HR1755",0.722963215424603
"HR1756",0.00444800523415485
"HR1757",0.539860224816983
"HR1758",-0.0882453472567931
"HR1759",-0.892216202730537
"HR1760",-0.112738184548825
"HR1761",-0.21600561793268
"HR1762",-0.883572196820664
"HR1763",-0.39191257370867
"HR1764",0.173497515900426
"HR1765",-1.27961340228594
"HR1766",0.267481796699304
"HR1767",0.0154866000927164
"HR1768",-0.186277858949484
"HR1769",0.0117916233354757
"HR1770",-0.677506587743243
"HR1771",-1.32570414122182
"HR1772",-0.405291983046867
"HR1773",0.262632009615037
"HR1774",1.09270950630185
"HR1775",0.0639235838870339
"HR1776",-0.316129066576595
"HR1777",-0.527484000306662
"HR1778",0.315843496509517
"HR1779",0.342424247846283
"HR1780",-0.686886613433093
"HR1781",-0.210204448805891
"HR1782",1.42790299323628
"HR1783",2.28506947819878
"HR1784",0.547472797010787
"HR1785",1.49224626400636
"HR1786",-0.38095773473262
"HR1787",0.912429803645977
"HR1788",1.12614491198092
"HR1789",0.492090836764115
"HR1790",-1.40959982428988
"HR1791",0.955145315493849
"HR1792",-0.197593470852871
"HR1793",-1.25578577907974
"HR1794",-0.309863998383916
"HR1795",-1.0898638400172
"HR1796",0.308793922434206
"HR1798",-0.551669288463235
"HR1799",-0.604911471248505
"HR1800",-1.47427520196023
"HR1801",-0.876013895283815
"HR1802",0.677717810292003
"HR1804",2.58518789642111
"HR1805",0.655665656884187
"HR1806",0.777974073297686
"HR1807",0.0630767105047555
"HR1808",1.50864267268769
"HR1809",-0.445995624297552
"HR1810",-1.25879598483007
"HR1811",0.642061866720837
"HR1812",0.467837802159848
"HR1813",-0.815278306683572
"HR1814",0.0793119788849124
"HR1815",0.00269207689319007
"HR1816",-0.203368735582708
"HR1817",1.17608757010895
"HR1818",0.0953523992632152
"HR1819",0.492222151036995
"HR1820",-0.55214937869707
"HR1821",1.27640850901919
"HR1822",0.425517363088713
"HR1823",0.795635532611489
"HR1824",0.805062684789239
"HR1825",0.64571778837266
"HR1826",1.65264591605387
"HR1827",-0.234755095410024
"HR1828",-0.334587455001709
"HR1829",2.85040625500922
"HR1831",-1.57180593587447
"HR1832",-0.761335437871654
"HR1833",-1.10760981497291
"HR1834",0.497449042664492
"HR1835",-0.76168219691879
"HR1836",0.135495792134526
"HR1837",0.266333675639563
"HR1838",-0.467309756872755
"HR1839",0.437848112087085
"HR1840",0.249926798129455
"HR1841",-1.22230150696456
"HR1842",-0.984767075817102
"HR1843",0.168619182003109
"HR1844",0.087958719311281
"HR1846",0.0993523563553174
"HR1847",0.24203391377802
"HR1848",0.150151011158221
"HR1849",-0.181167237635243
"HR1850",-1.2160018383067
"HR1851",0.0345320966386349
"HR1852",0.845300315637404
"HR1854",-1.49056159732021
"HR1855",-0.451073794435267
"HR1856",-0.883067348352175
"HR1857",-1.71852395021404
"HR1858",0.0457556847524529
"HR1859",-1.6606749012543
"HR1860",0.307313303025056
"HR1862",-0.265608946879728
"HR1863",-0.0966920088866792
"HR1864",-0.599516849323465
"HR1865",0.268404458411667
"HR1866",-0.0361697274027073
"HR1867",-0.198454150124815
"HR1868",0.789466558447619
"HR1869",-0.530164161983535
"HR1871",2.17195901633511
"HR1872",-0.491757360501999
"HR1873",-1.16865830218663
"HR1874",-1.05821820078738
"HR1875",0.368065396680759
"HR1876",2.82547783207543
"HR1877",-2.2254965027442
"HR1878",0.185987814981778
"HR1879",-1.63140957025457
"HR1880",-1.07538326914461
"HR1881",-0.0192542785502715
"HR1882",2.52707080865418
"HR1883",-0.307451203581971
"HR1884",-0.472590395002965
"HR5019",0.857836309417959
"HR5103",-0.443671528209536
"HR5109",-0.784571973561921
"HR5111",0.310216437347103
"HR5117",-0.390020392289976
"HR5147",-2.08654963881071
"HR5148",-1.45163705759708
"HR5165",-0.702897088842081
"HR5168",0.593272007057441
"HR5170",-0.870625578631359
"HR5172",-0.253496094738184
"HR5179",0.590265285149915
"HR5206",0.38470941210145
"HR5212",1.19376066636444
"HR5218",2.60034571624759
"HR5236",0.605119712974648
"HR5238",-0.77789037165014
"HR5239",0.705807550972649
"HR5240",0.490982593258207
"HR5241",-0.431458400049375
"HR5243",1.84934564604324
"HR5244",0.975624362205684
"HR5245",0.377686145696114
"HR5246",-1.46811999262115
"HR5247",0.50424380111325
"HR5248",-0.970830919480751
"HR5250",0.801008532786365
"HR5253",-0.229468817857975
"HR5255",-0.116974463268081
"HR5257",0.0492763292875798
"HR5259",-0.97169715941468
"HR5260",-1.90885220716302
"HR5263",-0.175636480496048
"HR5266",-1.10109974548636
"HR5267",-0.681928178358431
"HR5270",1.02396864585142
"HR5271",-2.88859744231142
"HR5272",0.610826941716975
"HR5273",-0.154780064673677
"HR5274",0.57096159997439
"HR5275",0.0736546482086024
"HR5276",-0.685467633243458
"HR5277",0.0221511957528013
"HR5278",-1.35637065339271
"HR5279",-0.305857037606105
"HR5280",0.0759907715738729
"HR5282",1.68233593278684
"HR5283",0.433912172914493
"HR5285",0.879417136039729
"HR5286",1.0476239274063
"HR5287",1.64256782508805
"HR5289",0.493276111203401
"HR5292",0.243957464918454
"HR5293",-1.34551791328267
"HR5295",-0.424666944466107
"HR5296",-0.492776803380293
"HR5298",-0.534481933462098
"HR5299",0.332793350435591
"HR5300",0.139080484865432
"HR5301",1.72534112891637
"HR5303",-0.0328499573110184
"HR5314",1.69367725882145
"HR5316",1.24641522457916
"HR5317",0.87282118364733
"HR5318",0.479913125529724
"HR5319",-1.00308244763102
"HR5322",3.6723558838888
"HR5324",0.759344092693118
"HR5325",-0.674754851951021
"HR5333",0.0469745991584346
"HR5334",-0.968350073297033
"HR5335",-1.21904826088621
"HR5336",-0.777675712918783
"HR5337",1.34754159557949
"HR5341",-1.22208251685009
"HR5342",0.789215175587827
"HR5343",-0.602005147412649
"HR5344",1.0849278061047
"HR5345",-0.468078106014623
"HR5348",-1.22708720162462
"HR5349",-0.781477122910686
"HR5350",-0.449852655281534
"HR5352",-0.422117580045307
"HR5354",-0.262420081502727
"HR5357",-0.720482580657107
"HR5358",-1.19235639522345
"HR5359",0.718719291882672
"HR5360",-1.44802980591886
"HR5362",-1.57983539273325
"HR5363",1.04681613916996
"HR5365",0.993258320529114
"HR5366",1.55743734851767
"HR5370",0.447248697948444
"HR5372",-1.44818962736287
"HR5376",-1.04936895005077
"HR5379",0.37368173273845
"HR5381",-0.373899249608912
"HR5383",-1.0212939808674
"HR5384",0.868252363933601
"HR5385",-0.035688403568
"HR5387",0.0227605622728186
"HR5390",0.585784475130589
"HR5392",-0.265281507942659
"HR5393",-0.729200760389489
"HR5394",-0.777249476424368
"HR5399",1.06585696842397
"HR5402",2.18950260778828
"HR5409",-1.25512982139739
"HR5415",-0.721619449947909
"HR5424",-1.47474029560756
"HR5425",0.336134161044241
"HR5426",0.879507121281023
"HR5427",3.36059802218255
"HR5429",-0.479991935659904
"HR5430",0.275390764681935
"HR5431",-0.478342612861509
"HR5434",-0.432482666071787
"HR5438",0.0451442310730634
"HR5439",0.0681400289539033
"HR5441",-0.360369552677206
"HR5442",-0.382347829829116
"HR5443",0.833923355668781
"HR5444",1.09225936393424
"HR5445",0.0251139070562878
"HR5446",-0.500181997111951
"HR5452",0.906786519201793
"HR5468",-0.534045044485776
"HR5473",-1.02413965861712
"HR5474",0.346287823420514
"HR5475",-0.732948320544869
"HR5476",-0.128926691561644
"HR5478",-1.05866379698393
"HR5484",-0.757034100213118
"HR5489",1.14602452389688
"HR5493",1.98356748207879
"HR5495",0.302058686682801
"HR5496",-2.32122850909023
"HR5499",-0.446170732671541
"HR5500",-0.0637107849538921
"HR5501",0.845724062171582
"HR5503",-1.80630646826587
"HR5510",0.0245660777997957
"HR5517",0.636390167040958
"HR5523",1.62518358840558
"HR5525",0.199648509661641
"HR5526",-0.371158986186236
"HR5527",-1.11575341630971
"HR5532",0.577633892594992
"HR5579",-0.854375615615403
"HR5580",0.807323155544273
"HR5581",-1.20994505906408
"HR5582",-1.22292450009525
"HR5583",-0.0753680401343109
"HR5600",-1.12357566090579
"HR5601",0.667433980771506
"HR5602",-0.806884253431908
"HR5603",-0.752067050922521
"HR5604",0.0823361524171644
"HR5605",0.324880284580285
"HR5606",0.14944464628938
"HR5608",0.033376654861968
"HR5609",-0.531005525471759
"HR5610",-1.53441144156458
"HR5611",-1.09184584322715
"HR5612",-0.281681953112734
"HR5613",-0.596883905130909
"HR5614",-0.66252568368698
"HR5615",0.892811954082891
"HR5616",0.159680647295879
"HR5617",0.244665852427865
"HR5618",0.537435454109276
"HR5620",0.707563850383423
"HR5621",-0.474183464549604
"HR5622",0.0131514798224938
"HR5623",0.267306595071692
"HR5624",-0.481075153632382
"HR5625",-1.50928833555116
"HR5626",0.825209475364401
"HR5627",-0.944122867364223
"HR5628",-0.104791850918468
"HR5629",1.03554216456074
"HR5630",-0.486365399230708
"HR5631",1.0850971604594
"HR5632",0.0103497436262725
"HR5633",0.159825313624914
"HR5634",-0.830596147263789
"HR5635",0.341620604714217
"HR5636",-0.592549673971444
"HR5637",-1.20234498274783
"HR5638",0.10885310624834
"HR5639",-0.340308850638112
"HR5640",-0.179718832234045
"HR5641",0.61008112819592
"HR5642",-1.20057891242139
"HR5643",-0.353884786249569
"HR5644",0.483515593095449
"HR5645",-0.360226978357402
"HR5646",-1.61653039668161
"HR5647",-0.118800124994892
"HR5648",0.798534497385829
"HR5649",0.305028674469655
"HR5650",-0.02608377188333
"HR5651",-0.269505675468785
"HR5652",-0.457724891695487
"HR5653",0.466958212610879
"HR5654",-0.9338605489082
"HR5655",0.652272438854322
"HR5656",-0.0551125382904407
"HR5657",0.0555885156240109
"HR5658",-0.855989415059464
"HR5659",-0.726512015524287
"HR5660",0.153180127684795
"HR5661",1.1892419548559
"HR5662",-0.998660126762345
"HR5663",1.08281072510159
"HR5664",-1.00117578716955
"HR5665",-0.628937750886543
"HR5666",0.139049655604067
"HR5667",-0.344288904472321
"HR5668",-0.23110018384561
"HR5669",-0.238648123384446
"HR5670",-1.06044458744462
"HR5671",-0.320662900952013
"HR5672",3.73046895544406
"HR5673",-0.409972578989348
"HR5674",0.0165015001869279
"HR5675",-0.722200822209988
"HR5676",-0.463984276870346
"HR5677",1.32039684835519
"HR5678",-0.99201194315352
"HR5679",0.180656058544695
"HR5680",0.916953043357337
"HR5681",-0.394152559202883
"HR5682",0.119745537830088
"HR5683",-1.89260013486009
"HR5684",-1.21300994487326
"HR5685",0.753651789366156
"HR5686",-0.838224265731575
"HR5687",-1.61956356980241
"HR5688",-0.730921196440906
"HR5689",1.66827412591527
"HR5690",0.321423235094909
"HR5691",0.63699321649753
"HR5692",-0.87554884375828
"HR5693",-0.478876011457049
"HR5694",1.01047684776668
"HR5695",0.963615688043968
"HR5696",-0.763216929171193
"HR5697",0.318237044255382
"HR5698",6.19757453689629
"HR5699",2.44870383383063
"HR5700",0.0992965813240907
"HR5701",-0.333653813508708
"HR5703",-0.210888675613886
"HR5704",1.10015236229911
"HR5705",-0.405924217091827
"HR5706",-1.45295104744205
"HR5707",-0.661654299850224
"HR5708",0.409289926710004
"HR5709",2.53348991212504
"HR5710",-1.74242682365583
"HR5725",-0.430245379947763
"HR5726",-0.414850242091065
"SJ1079",0.495172245159794
"SJ1107",-1.466366406112
"SJ1176",-0.67240681141917
"SJ1241",1.57938378150069
"SJ1423",0.70250410864948
"SJ5046",0.182669257957802
"SJ5108",1.69719447154355
"SJ5398",-0.413675498709152
"SJ5401",2.47890654345187
