sample_id,tissue,PC1,PC2,PC3,PC4,PC5,PC6,PC7,PC8,PC9,PC10
AF002,tracheal,-13.566268026272194,-3.7018785529934175,18.903824602069907,-14.519603550082724,3.6502706286648285,-17.271567186702168,2.0942614971733056,-16.81165565292584,6.164074246938819,-7.884967140511322
AF004,tracheal,15.351952835673991,19.446253869066567,5.107113076211013,-8.786364690819077,-2.749392348253386,9.407998203438478,2.6301868810171434,-3.4190070176847454,-5.129791485318927,3.0840173034970184
AF006,tracheal,15.499907312875127,10.46735367543208,16.229791030565707,-5.544569141567167,3.0608698815208646,-1.0751291723193925,1.7094073130449998,-2.6783319767419616,3.3114879330802443,-0.4233273264670585
AF008,tracheal,28.15183602793807,10.051699892590714,-16.850925477172385,-8.267771787403088,7.034789774230904,10.286871546149987,1.1169275912704801,6.8986509393077755,11.260256045712444,4.152930438509376
AF010,tracheal,-28.975563910294795,1.3747298375092527,11.15377190350054,-15.728037136101861,-3.537836283540756,2.713887799681561,-0.6758422830674182,-1.4724056345940806,1.5321120881210297,13.447287372126816
AF012,tracheal,14.172589634214665,12.259878175655855,19.275779452448266,6.876724437835549,12.944729853488456,2.6251704483971916,9.779567210095475,-7.662797220786194,-8.995102726643548,-8.596927162945128
AF014,tracheal,13.10489947088802,30.03474617174881,-9.193058726059508,-1.9898182138921494,5.208033751214098,3.8215947964227097,1.2903969891916067,-1.265012094925107,7.2974832561398575,-7.976746946672006
AF016,tracheal,49.369376265146165,1.185801869879523,4.137979602622643,8.335900925334759,-10.704080449333176,1.7665318141148356,5.010684606081816,-2.634812305781081,5.047571684854466,3.4395450982643996
AF018,tracheal,-54.0390519861198,-1.0951247310122723,-2.1625584610838513,17.223341796960746,4.63885815014475,-6.0066534715202655,12.208576207695348,3.424995134399104,3.538202748992109,13.959039316921881
AF020,tracheal,18.468320402075246,6.952151064108495,9.304806183961212,-14.0987822169672,-12.712743665664568,7.789909515779584,1.9712847276826022,1.058274402562601,-3.7302452231698786,6.563769908062236
AF022,tracheal,-18.334268445694516,-1.5843536066172677,0.6825469736365424,1.0097350154180036,9.203336960002114,1.5908306583538747,2.7027739555935444,-4.072082720837922,7.837299328289375,13.154520153295586
AF024,tracheal,25.207077049183866,19.51584298281194,-14.164197454048304,-10.022299159761918,4.673711719824603,10.578025651488641,0.5704089867481412,6.4795036025360435,7.3152174189886034,0.2509408393153615
AF026,tracheal,14.252268561901671,-1.9396463985673231,16.214767641967796,2.4272459206726493,5.388534197606861,6.241082266839263,-2.0034552861253934,-6.3489318979617515,-8.324420825195338,2.4610530946423537
AF028,tracheal,-40.48790861262483,-0.2648854622685156,-10.883407481914054,-4.116722703407814,-0.74420568299637,-11.966989802450236,1.2542514840526962,-0.20767866914336225,-1.5981245575155563,-7.861309486805275
AF030,tracheal,-26.87751575674142,-4.461929809110007,-4.483472732194694,23.729521087659013,0.049907788636528394,31.062966121122297,-3.724961149014252,-16.136964440494925,3.773545298131788,-6.260997378460031
AF032,tracheal,21.683465427205284,-17.862997787819776,-14.593625662322733,1.8927855960980084,-5.802925645725119,-2.302822718285848,5.003020568925948,-9.925909568306494,-4.483195001287348,4.3848522944698365
AF034,tracheal,-1.2309139095360928,4.4675205847781845,9.330174622872455,17.427404940082916,1.7998074658804728,-8.218346434000491,16.0828781892209,17.229914850714266,-15.098019779242751,-2.904359459537836
AF036,tracheal,-7.422093485120921,-1.7966924345428863,7.001201953097801,1.8535352888831194,-21.33179665847506,7.556987029971682,5.077162781292329,18.12976709937404,-3.834700356960776,-10.438087313104091
AF040,tracheal,-5.532721859691208,1.1612333884155164,-16.770821734040528,-10.75396197383327,-6.212341190230319,-2.660847662882674,-2.7823369386013437,-3.169593504123077,-14.904316167651906,-12.91133221777028
AF042,tracheal,-10.066645407958001,-39.92225358244809,-3.333419442983044,8.13066034230241,-3.333760516761368,-6.614593080904106,0.09964934256274689,4.329838648180031,3.754889681721028,-0.32174223406812147
AF044,tracheal,19.508138137140815,9.939781534679106,3.7969156071977532,2.1947716109856885,4.804205596697251,-19.158411614876314,9.353131398192067,-2.104139225506511,13.964101439460485,0.03824618165252939
AF046,tracheal,7.703677377615232,-8.948279539863504,-2.347336278760277,10.67426317658412,9.589816024431787,-3.36159153268413,-10.899353855791166,2.750677552414825,1.9403449698083042,0.10031906480188277
AF048,tracheal,12.508328537488124,-17.541406341206745,-15.496634728970474,-0.32494278097343715,-7.917010391255576,-1.712079917005678,3.006851411277072,-11.416913631856717,-8.113294588756133,0.04186863025532843
AF050,tracheal,0.4409152044599638,6.678914226427115,3.936304076564893,-3.41088300525549,5.4400836451080306,-3.658371189971305,-7.831063680546693,4.600321615714781,4.675697106592133,-1.8667295497966945
AF052,tracheal,-7.417502506678906,5.783681051234244,6.841066720605866,-8.295417944389953,-7.101078117643971,6.648362692440487,4.80380813355784,1.6720447920002846,-6.527591026213982,5.28829935008748
AF054,tracheal,-71.13964193535305,13.811439461779605,1.7709874456626626,10.867989291475862,-15.887136679062253,-4.918825585684922,-7.444886316946594,-8.733754509851222,9.616213690642041,1.8412487031268332
AF056,tracheal,2.8038254884269898,2.4123113904970905,-26.685392868562893,-9.69510311763374,3.6653779625983,5.649955281918954,4.833476233568098,-3.2770810211811634,2.8309865485834584,-4.695531536377566
AF058,tracheal,-24.586681145195325,22.96133662847255,0.4102905496932241,9.058940815523428,-0.4647585815694155,-3.932068804428602,-22.462617535260954,-0.5358642240172984,-5.2646459111839965,4.574512225706108
AF060,tracheal,37.233922861040256,11.081287025903617,10.91567090320181,0.43269682405154697,-12.597123180741413,3.3161205451588556,-0.01461842928714693,1.5226220826150538,-0.9653319128306286,5.1281146582329935
AF062,tracheal,-27.476222110305212,-21.094003679841187,11.338608710203149,-21.090436265306625,8.197043489518272,9.247550516406855,-7.210430964790967,-4.965319400318841,-0.3970074433858986,-3.388220447464689
AF064,tracheal,-8.99614358486123,4.065602974565871,-15.564182189956208,-6.4409271097474425,8.945328559988369,-6.73059439898019,1.3766053868515375,4.016746846967932,1.0301177107632875,-2.9935461186153525
AF066,tracheal,-2.6504184633509236,13.670096722284514,8.521916287978764,3.651327153797102,-3.5551884610333824,-3.9135103940408658,-14.838095428188854,4.5627674915264995,-8.15242964680383,-0.28138164317662795
AF068,tracheal,33.982548417804196,-6.396743773368843,5.815899937322142,7.397535392304349,-2.7218972583716714,-0.3858152033694761,-1.1671739324258918,-2.683996485347462,1.7085686694685862,5.555950698714587
AF070,tracheal,-1.9034904605579286,-15.00119218839628,-2.1505683705012806,-6.183141761027255,5.922627929986298,-2.2661379565929405,-8.083292032382506,8.74883481406372,1.242492510520137,3.5811544183098842
AF072,tracheal,-24.732533106770664,10.530091535289888,-7.658027950552908,-1.7884981734002687,-11.386078538755601,-12.690503485131192,3.2499268864909676,-2.7201569204739147,-4.136899019935535,4.951093102988598
AF074,tracheal,-38.669210921798,0.5422477701685253,-2.465546926829797,-2.323184059967981,15.695629956230434,10.70676522064333,17.666213045827245,-3.168328265721193,-13.282583849552159,1.9698391112349083
AF076,tracheal,21.259194324629892,-0.16615635713711815,-2.1866967912128024,-6.946371173175389,-16.455304064847624,-15.013792953911262,3.270330440256179,-9.181627236443008,-0.4971052944064162,-5.290955186141999
AF079,tracheal,-5.44621987664493,-15.889880886451436,-2.4954051473523498,-13.58993975709855,7.067982882976272,3.1587106710909776,-5.707413768141158,7.704710667968299,-3.969210720578632,2.512992344732808
AF083,tracheal,34.585923587247535,-3.650353588850767,-20.197683082927213,5.615635553150602,-5.179406317530522,-3.853706327581108,8.17999512838962,-1.6619511378581608,-0.991200378618705,8.81899214763055
AF086,tracheal,-52.82534804099499,-8.809415405178678,6.5494606982068735,-3.6269683261367245,-15.226771968257063,11.90232286460087,10.171745475930088,11.465621850029166,16.50439860020512,-7.749182906409862
AF088,tracheal,19.47024420317364,-6.779654842118965,10.588365214266247,3.937073318446056,11.825904410595237,-0.11803408590165887,7.6568558043055575,0.6151113168517429,2.1010351219133843,3.1169898210241644
AF090,tracheal,14.453270741642061,4.0184617639639875,-9.906116607088695,3.1631176509084655,2.9480239713607617,-4.585173665495769,-13.110108175039997,6.039168617711776,-3.577931026985639,4.860125601432135
AF094,tracheal,7.300527242534814,-28.11041721766983,2.9075404752876954,3.510588445402383,-0.6059431643798002,0.22270856354269972,-5.829474920900683,3.067774772225488,-0.8875443473938265,1.1962804707636556
AF096,tracheal,-31.330334705016853,22.037674419745862,-9.942502379810982,11.688300984152907,6.767640823731958,-1.5902692659254594,-5.236403691145253,1.7319919013439669,-6.54532783033478,-1.9899151323267688
AF100,tracheal,40.91329010411722,-9.116573781456047,0.6335555393671859,19.03244613261931,-7.2527689380121005,5.845028274263097,-6.071043154208722,-2.564303118390209,5.666270566225747,-8.204967513693726
AF102,tracheal,4.205727833141448,1.4525764849865843,5.690958243422794,-6.374654718249825,5.267299213020154,-4.35963339460891,0.6537564339981328,5.629069168061747,7.953483514351208,-8.272262661565989
AF105,tracheal,15.420444043035861,-6.298145983767045,4.3226381238906715,11.341840053525958,16.754509886906266,-5.742316797013625,0.20102051399114143,2.4618955861218814,3.7007121780238537,-8.84769906615897
AF107,tracheal,21.25722448163441,-3.393316726511122,8.154392815445672,-0.823308788600121,0.32272908368261244,-0.2676584750772284,-12.240400295046832,2.9353440738103473,0.6827743616269513,-0.1359016797454686
AF108,tracheal,-4.602197314652794,-22.077411824798475,-0.004747896926332418,-6.731674199375939,2.6124944943940704,2.236064095519605,-5.69218278737279,1.742970054770901,-5.043317599188225,0.8221077580154331
